id_usuario,tipo,nombre_empresa,documento_nit,telefono,correo,direccion
1,Cliente,Importadora Del Valle,865737657-3,Sin teléfono,importadorad@yahoo.com,"Calle 76 #55-5, Medellín"
2,Proveedor,Mercantil Del Sur & Cía,950658074-3,3198038374.0,mercantildel@hotmail.com,"Diagonal 76 #36-1, Cali"
3,Proveedor,Inversiones Omega Sa,857797847-5,3012556017.0,inversioneso@outlook.com,"Calle 46 #45-78, Cartagena"
4,Proveedor,Red De Proveedores & Cía,901612049-1,3165918715.0,Sin correo,"Avenida 74 #25-91, Bogotá"
5,Proveedor,Mercantil Del Sur Sa,862489327-1,3145663623.0,mercantildel@outlook.com,"Avenida 21 #48-46, Barranquilla"
6,Proveedor,Suministros Globales & Cía,943382080-3,3108755439.0,suministrosg@outlook.com,"Avenida 119 #82-89, Cúcuta"
7,Proveedor,Inversiones Omega,808616842-5,3145491946.0,inversioneso@gmail.com,"Carrera 117 #73-92, Pereira"
8,Cliente,Corporación Integral Ltda,838351800-4,3105137722.0,corporacióni@yahoo.com,"Transversal 34 #96-75, Manizales"
9,Proveedor,Distribuidora Latina Sa,837133144-8,3152525206.0,distribuidor@gmail.com,"Calle 20 #81-21, Manizales"
11,Proveedor,Techsupply Sas Ltda,993835111-4,3163997281.0,techsupplysa@yahoo.com,"Calle 112 #81-39, Cúcuta"
12,Proveedor,Proveedores Unidos Sa,944788454-8,3501009594.0,proveedoresu@yahoo.com,"Avenida 63 #3-15, Pereira"
14,Cliente,Cadena De Valor Sas Sas,941646352-9,3144553384.0,cadenadevalo@yahoo.com,"Carrera 92 #40-52, Pereira"
15,Proveedor,Servicios Y Bienes Sa Ltda,866546657-3,3016672134.0,Sin correo,"Transversal 71 #30-76, Barranquilla"
17,Cliente,Mercantil Del Sur Ltda,851112773-1,3018231838.0,mercantildel@empresa.co,"Diagonal 53 #60-94, Medellín"
18,Cliente,Importadora Del Valle,995478346-5,3202833230.0,importadorad@hotmail.com,"Carrera 25 #69-58, Cali"
19,Proveedor,Abastecedores Nacionales Ltda,Sin documento,3202642635.0,abastecedore@gmail.com,"Transversal 108 #2-12, Barranquilla"
20,Proveedor,Corporación Integral Ltda,907653432-0,3107358113.0,corporacióni@gmail.com,"Diagonal 34 #59-37, Manizales"
21,Cliente,Cadena De Valor Sas Corp,841552957-3,Sin teléfono,cadenadevalo@gmail.com,"Transversal 95 #70-8, Pereira"
22,Cliente,Nexo Comercial Ltda,815268494-8,3014117625.0,nexocomercia@gmail.com,"Transversal 9 #87-31, Manizales"
23,Proveedor,Nexo Comercial & Cía,966263958-1,3149770838.0,nexocomercia@empresa.co,"Avenida 27 #86-92, Pereira"
24,Cliente,Distribuidora Latina Sas,922735287-5,3502217071.0,distribuidor@gmail.com,"Diagonal 80 #73-13, Bogotá"
25,Proveedor,Servicios Y Bienes Sa Sa,893686345-1,3505098412.0,serviciosybi@empresa.co,"Avenida 21 #57-70, Cartagena"
26,Cliente,Servicios Y Bienes Sa,Sin documento,3503253031.0,serviciosybi@empresa.co,"Calle 114 #14-96, Cúcuta"
27,Proveedor,Grupo Comercial Xyz & Cía,992632554-5,3115428914.0,grupocomerci@yahoo.com,"Diagonal 33 #7-12, Manizales"
28,Cliente,Comercial Del Norte,835116634-4,3108412769.0,comercialdel@yahoo.com,"Diagonal 72 #2-15, Bogotá"
29,Proveedor,Proveedores Unidos & Cía,899110661-9,3163484601.0,proveedoresu@outlook.com,"Carrera 6 #40-47, Medellín"
30,Proveedor,Logística Express Corp,979028575-1,3137817881.0,logísticaexp@yahoo.com,"Carrera 119 #31-21, Cali"
31,Cliente,Distribuciones Andinas Sas,Sin documento,3123670896.0,distribucion@gmail.com,"Diagonal 112 #5-61, Barranquilla"
32,Cliente,Red De Proveedores Sa,861094699-3,3004240180.0,reddeproveed@outlook.com,"Avenida 36 #9-99, Cartagena"
33,Cliente,Servicios Y Bienes Sa Ltda,807408963-1,3505382463.0,serviciosybi@hotmail.com,"Transversal 34 #5-14, Ibagué"
34,Proveedor,Inversiones Omega Ltda,903400110-9,3115273534.0,inversioneso@gmail.com,"Diagonal 1 #67-69, Barranquilla"
35,Cliente,Suministros Globales Corp,967277006-5,3183090865.0,suministrosg@empresa.co,"Transversal 40 #86-53, Pereira"
36,Proveedor,Grupo Comercial Xyz & Cía,851496683-6,3187361002.0,grupocomerci@hotmail.com,"Transversal 73 #39-52, Cúcuta"
37,Proveedor,Grupo Comercial Xyz Sa,915397220-9,3176406444.0,grupocomerci@outlook.com,"Diagonal 57 #87-28, Cúcuta"
38,Proveedor,Techsupply Sas Corp,876178333-8,3186623525.0,techsupplysa@gmail.com,"Carrera 87 #40-29, Barranquilla"
39,Proveedor,Mercantil Del Sur Ltda,922249846-6,3504262081.0,mercantildel@outlook.com,"Diagonal 52 #32-19, Medellín"
40,Proveedor,Importadora Del Valle Ltda,847214220-8,3151842524.0,importadorad@yahoo.com,"Carrera 118 #16-59, Cali"
41,Cliente,Servicios Y Bienes Sa & Cía,918802399-9,3219468772.0,serviciosybi@outlook.com,"Transversal 58 #21-96, Bucaramanga"
42,Cliente,Mercantil Del Sur Corp,939935353-7,3185013879.0,mercantildel@empresa.co,Sin dirección
43,Proveedor,Inversiones Omega & Cía,837144504-2,3117426265.0,inversioneso@hotmail.com,"Carrera 9 #54-53, Pereira"
44,Proveedor,Almacenes Progreso,912781417-6,3501327691.0,almacenespro@yahoo.com,"Diagonal 62 #1-46, Cartagena"
45,Proveedor,Almacenes Progreso & Cía,931058103-3,3128312114.0,almacenespro@outlook.com,"Calle 50 #44-86, Manizales"
46,Proveedor,Red De Proveedores Sas,905769006-9,3171454696.0,reddeproveed@gmail.com,Sin dirección
47,Cliente,Inversiones Omega Sas,887737003-5,3207360682.0,inversioneso@empresa.co,"Diagonal 33 #11-61, Medellín"
48,Proveedor,Comercial Del Norte Sa,974521727-1,3201675419.0,comercialdel@gmail.com,"Carrera 26 #3-80, Cali"
49,Proveedor,Corporación Integral Corp,951389430-3,3155299055.0,corporacióni@empresa.co,"Carrera 78 #78-96, Bogotá"
50,Proveedor,Techsupply Sas Sa,955339501-0,3506233774.0,techsupplysa@yahoo.com,"Diagonal 51 #92-26, Bogotá"
51,Cliente,Mercantil Del Sur,983679387-9,Sin teléfono,mercantildel@yahoo.com,"Calle 45 #69-55, Pereira"
52,Cliente,Inversiones Omega,931587518-1,3147076506.0,inversioneso@outlook.com,"Carrera 56 #23-94, Cúcuta"
53,Cliente,Abastecedores Nacionales & Cía,924788603-6,3215502929.0,abastecedore@empresa.co,"Carrera 107 #12-36, Bucaramanga"
54,Cliente,Red De Proveedores & Cía,890300781-0,3156452832.0,reddeproveed@hotmail.com,Sin dirección
55,Cliente,Globaltrade Colombia Corp,949194018-0,3164205394.0,globaltradec@gmail.com,"Carrera 93 #53-63, Cúcuta"
56,Cliente,Corporación Integral Corp,920305938-0,3015936453.0,corporacióni@hotmail.com,"Diagonal 89 #32-40, Ibagué"
57,Cliente,Cadena De Valor Sas & Cía,914220309-8,3136902401.0,cadenadevalo@outlook.com,"Avenida 40 #33-30, Bogotá"
58,Proveedor,Inversiones Omega,851416388-3,3199123504.0,inversioneso@empresa.co,"Transversal 98 #68-77, Cartagena"
59,Proveedor,Logística Express Sa,896873274-2,3121237370.0,logísticaexp@yahoo.com,Sin dirección
60,Cliente,Proveedores Unidos Corp,827538160-0,3175770422.0,proveedoresu@outlook.com,Sin dirección
61,Proveedor,Corporación Integral,907564084-7,3011899411.0,corporacióni@hotmail.com,"Carrera 104 #73-39, Bogotá"
62,Cliente,Importadora Del Valle & Cía,962757154-9,3204786401.0,importadorad@yahoo.com,"Diagonal 58 #57-39, Ibagué"
63,Proveedor,Grupo Comercial Xyz & Cía,Sin documento,3204486102.0,grupocomerci@hotmail.com,"Avenida 85 #11-21, Barranquilla"
64,Proveedor,Suministros Globales Sas,909660600-7,3198883823.0,suministrosg@empresa.co,"Calle 30 #37-91, Cartagena"
65,Proveedor,Red De Proveedores,871015841-9,3184318855.0,reddeproveed@outlook.com,"Calle 70 #29-83, Cali"
66,Proveedor,Proveedores Unidos,844539558-4,3175842082.0,proveedoresu@outlook.com,"Calle 60 #89-39, Manizales"
67,Cliente,Servicios Y Bienes Sa & Cía,917510001-1,3171668752.0,serviciosybi@outlook.com,"Avenida 78 #33-4, Bogotá"
68,Proveedor,Nexo Comercial & Cía,Sin documento,3171674975.0,nexocomercia@hotmail.com,"Diagonal 67 #84-57, Cartagena"
69,Cliente,Nexo Comercial Ltda,824492696-7,3137850944.0,nexocomercia@empresa.co,"Avenida 86 #14-21, Pereira"
70,Cliente,Corporación Integral Sa,947665435-0,3152477398.0,corporacióni@empresa.co,"Avenida 42 #15-99, Manizales"
71,Cliente,Distribuciones Andinas Corp,910930301-0,3119697969.0,distribucion@empresa.co,"Transversal 97 #64-81, Bucaramanga"
72,Proveedor,Logística Express Sa,877317235-7,3509132114.0,logísticaexp@gmail.com,"Calle 81 #78-31, Cali"
73,Cliente,Distribuciones Andinas & Cía,825020655-3,3212903561.0,distribucion@outlook.com,"Calle 83 #20-64, Cartagena"
74,Cliente,Abastecedores Nacionales Ltda,926760532-3,3153426689.0,abastecedore@outlook.com,"Carrera 118 #77-66, Cali"
75,Cliente,Abastecedores Nacionales Ltda,936294795-4,3211043037.0,abastecedore@empresa.co,"Avenida 108 #76-75, Bucaramanga"
76,Cliente,Red De Proveedores & Cía,892643503-5,3167328534.0,reddeproveed@outlook.com,"Avenida 112 #25-90, Barranquilla"
77,Proveedor,Mercantil Del Sur Ltda,885409807-7,3197395997.0,mercantildel@outlook.com,"Carrera 64 #5-17, Cúcuta"
78,Cliente,Inversiones Omega,826766155-8,3508665981.0,inversioneso@gmail.com,"Carrera 53 #84-20, Bogotá"
79,Cliente,Abastecedores Nacionales Sa,974439199-1,3216512415.0,abastecedore@yahoo.com,"Diagonal 41 #81-92, Bucaramanga"
80,Proveedor,Comercial Del Norte & Cía,863020657-4,3112516313.0,comercialdel@outlook.com,"Calle 98 #82-91, Bogotá"
81,Proveedor,Grupo Comercial Xyz,887073661-0,3127014016.0,grupocomerci@empresa.co,"Diagonal 19 #32-68, Manizales"
82,Proveedor,Techsupply Sas Sas,821197904-9,3217418028.0,techsupplysa@yahoo.com,"Carrera 64 #75-19, Barranquilla"
83,Cliente,Abastecedores Nacionales Ltda,979003692-0,3508805654.0,abastecedore@empresa.co,"Transversal 21 #10-57, Pereira"
84,Cliente,Grupo Comercial Xyz Corp,985304622-4,3156068760.0,grupocomerci@hotmail.com,"Diagonal 110 #62-14, Barranquilla"
85,Cliente,Soluciones Empresariales & Cía,987711299-4,3007640518.0,solucionesem@empresa.co,"Calle 73 #88-96, Medellín"
86,Proveedor,Corporación Integral Sa,962957768-5,3114189885.0,corporacióni@yahoo.com,"Avenida 87 #97-93, Cali"
87,Cliente,Comercial Del Norte Sa,808956222-9,3133204724.0,comercialdel@gmail.com,"Avenida 42 #96-54, Cali"
88,Cliente,Cadena De Valor Sas Sa,844169557-4,3509084065.0,cadenadevalo@empresa.co,"Avenida 103 #15-60, Bogotá"
89,Cliente,Distribuidora Latina & Cía,824240492-6,3005436878.0,distribuidor@yahoo.com,"Calle 59 #48-87, Cartagena"
90,Proveedor,Soluciones Empresariales,926561108-0,3176503032.0,solucionesem@yahoo.com,"Carrera 83 #9-82, Bucaramanga"
92,Cliente,Soluciones Empresariales Corp,957662973-2,3507960607.0,solucionesem@gmail.com,"Diagonal 79 #53-36, Medellín"
93,Cliente,Logística Express Ltda,863381003-5,3017162857.0,logísticaexp@yahoo.com,"Avenida 8 #51-36, Barranquilla"
94,Proveedor,Red De Proveedores,972256231-9,3001848566.0,reddeproveed@empresa.co,"Carrera 17 #73-27, Bogotá"
95,Proveedor,Cadena De Valor Sas Sas,862545106-5,3203475548.0,cadenadevalo@yahoo.com,Sin dirección
97,Proveedor,Servicios Y Bienes Sa,927841302-7,3207074006.0,serviciosybi@yahoo.com,"Transversal 14 #58-65, Barranquilla"
98,Cliente,Comercial Del Norte Corp,922954852-0,Sin teléfono,comercialdel@outlook.com,"Diagonal 88 #14-63, Bucaramanga"
99,Proveedor,Suministros Globales Sa,817631441-2,3126455706.0,suministrosg@outlook.com,"Transversal 68 #38-59, Cúcuta"
100,Proveedor,Importadora Del Valle Corp,975748171-8,3194607488.0,importadorad@outlook.com,"Diagonal 114 #30-53, Pereira"
101,Proveedor,Distribuidora Latina Ltda,883899059-6,3135276341.0,distribuidor@empresa.co,"Carrera 88 #61-9, Bogotá"
102,Proveedor,Suministros Globales Ltda,999874078-5,3203182975.0,suministrosg@yahoo.com,"Calle 76 #72-72, Pereira"
103,Cliente,Almacenes Progreso Sa,993558252-0,3126242022.0,almacenespro@empresa.co,"Calle 74 #65-28, Cali"
104,Cliente,Mercantil Del Sur,949321376-5,3015673599.0,mercantildel@yahoo.com,"Carrera 104 #55-72, Ibagué"
105,Cliente,Cadena De Valor Sas,807772061-2,3126183902.0,cadenadevalo@empresa.co,"Avenida 1 #24-19, Ibagué"
106,Proveedor,Suministros Globales Sas,824631015-8,3117311494.0,suministrosg@outlook.com,"Diagonal 44 #21-48, Cartagena"
107,Proveedor,Nexo Comercial & Cía,814122074-2,3101834876.0,nexocomercia@gmail.com,"Avenida 57 #85-55, Bucaramanga"
108,Proveedor,Almacenes Progreso Sa,937531915-1,3138212753.0,almacenespro@gmail.com,"Avenida 87 #87-76, Bucaramanga"
109,Proveedor,Grupo Comercial Xyz,906102708-9,3001128967.0,grupocomerci@hotmail.com,Sin dirección
110,Cliente,Importadora Del Valle,915603075-2,Sin teléfono,importadorad@yahoo.com,"Carrera 65 #72-86, Pereira"
111,Proveedor,Comercial Del Norte Ltda,923414341-1,3216252285.0,comercialdel@yahoo.com,Sin dirección
112,Cliente,Distribuidora Latina,846136855-9,3157070880.0,distribuidor@gmail.com,"Diagonal 109 #14-32, Manizales"
113,Cliente,Servicios Y Bienes Sa,883288692-5,3116587964.0,serviciosybi@hotmail.com,"Calle 66 #82-15, Cúcuta"
114,Proveedor,Soluciones Empresariales Sa,Sin documento,3105294434.0,solucionesem@hotmail.com,"Carrera 78 #20-98, Bogotá"
115,Cliente,Corporación Integral Ltda,982840374-9,3186422534.0,corporacióni@empresa.co,"Carrera 57 #9-61, Bucaramanga"
116,Proveedor,Abastecedores Nacionales & Cía,894473770-8,Sin teléfono,abastecedore@outlook.com,"Diagonal 5 #8-48, Cartagena"
117,Cliente,Suministros Globales & Cía,924208214-9,3161688246.0,suministrosg@outlook.com,"Transversal 84 #25-42, Ibagué"
118,Cliente,Proveedores Unidos,827783573-5,3192414808.0,proveedoresu@yahoo.com,"Carrera 6 #32-91, Bucaramanga"
119,Proveedor,Servicios Y Bienes Sa & Cía,897683114-5,Sin teléfono,serviciosybi@outlook.com,"Diagonal 100 #44-87, Ibagué"
120,Cliente,Inversiones Omega,825368746-8,3187485471.0,inversioneso@empresa.co,"Avenida 93 #85-78, Cali"
121,Proveedor,Nexo Comercial Corp,893904302-4,3187575963.0,nexocomercia@hotmail.com,"Transversal 91 #11-40, Cúcuta"
122,Proveedor,Inversiones Omega Sas,973415966-6,3167070468.0,inversioneso@gmail.com,"Avenida 40 #24-28, Pereira"
123,Proveedor,Corporación Integral Sas,836927419-2,3015962567.0,Sin correo,"Transversal 99 #70-95, Cúcuta"
124,Proveedor,Inversiones Omega & Cía,960322121-6,3103722056.0,Sin correo,"Transversal 104 #22-93, Bucaramanga"
125,Proveedor,Soluciones Empresariales Corp,919238682-9,3128531761.0,solucionesem@hotmail.com,"Transversal 31 #40-61, Barranquilla"
126,Cliente,Nexo Comercial Ltda,875637522-6,3169849306.0,nexocomercia@outlook.com,"Carrera 105 #26-78, Cali"
127,Cliente,Comercial Del Norte Corp,899646490-8,3502721170.0,comercialdel@yahoo.com,Sin dirección
128,Cliente,Servicios Y Bienes Sa Sas,824619173-3,3218568671.0,serviciosybi@empresa.co,"Calle 54 #7-51, Cúcuta"
129,Cliente,Distribuidora Latina,860274165-0,3132662338.0,distribuidor@empresa.co,"Carrera 18 #5-37, Bucaramanga"
130,Cliente,Proveedores Unidos Corp,920420541-9,3002329187.0,proveedoresu@gmail.com,"Avenida 28 #20-71, Ibagué"
131,Proveedor,Importadora Del Valle Sa,880839659-1,3005000351.0,importadorad@outlook.com,"Transversal 59 #9-15, Bucaramanga"
132,Proveedor,Distribuciones Andinas Corp,Sin documento,3128201433.0,distribucion@gmail.com,"Transversal 46 #31-74, Manizales"
133,Cliente,Suministros Globales & Cía,818167529-8,3169511546.0,suministrosg@yahoo.com,"Transversal 3 #50-61, Medellín"
134,Proveedor,Soluciones Empresariales Sa,895856656-1,3135045421.0,Sin correo,"Transversal 95 #97-43, Cali"
135,Proveedor,Cadena De Valor Sas Sa,983793076-7,3199028420.0,cadenadevalo@hotmail.com,Sin dirección
136,Proveedor,Comercial Del Norte Sas,884717106-4,3167681090.0,comercialdel@yahoo.com,Sin dirección
137,Cliente,Comercial Del Norte Corp,873341025-1,3207174337.0,comercialdel@outlook.com,"Diagonal 96 #57-50, Pereira"
138,Cliente,Corporación Integral Corp,898608938-8,3122385991.0,corporacióni@outlook.com,Sin dirección
139,Cliente,Importadora Del Valle,977414153-4,3128481225.0,importadorad@yahoo.com,"Diagonal 22 #89-57, Pereira"
140,Cliente,Soluciones Empresariales & Cía,873700393-0,3017815076.0,solucionesem@empresa.co,"Transversal 103 #96-87, Cali"
141,Cliente,Proveedores Unidos & Cía,Sin documento,3014959345.0,proveedoresu@empresa.co,"Avenida 50 #73-5, Ibagué"
142,Cliente,Red De Proveedores Sa,919169044-1,3173310140.0,reddeproveed@yahoo.com,"Avenida 51 #41-84, Cartagena"
143,Proveedor,Importadora Del Valle,933961093-8,3142975701.0,importadorad@empresa.co,Sin dirección
144,Proveedor,Corporación Integral Sas,836434319-1,3153896693.0,corporacióni@outlook.com,"Calle 104 #88-41, Pereira"
145,Cliente,Cadena De Valor Sas & Cía,880519007-2,3193920762.0,cadenadevalo@empresa.co,"Transversal 29 #16-26, Cali"
146,Cliente,Corporación Integral,948718997-9,3138841768.0,corporacióni@yahoo.com,"Carrera 79 #12-9, Cartagena"
147,Cliente,Corporación Integral & Cía,909906474-9,3013102634.0,corporacióni@empresa.co,"Calle 58 #60-88, Cúcuta"
148,Proveedor,Cadena De Valor Sas Corp,834637021-6,3161929673.0,cadenadevalo@gmail.com,"Transversal 20 #39-22, Cali"
149,Cliente,Mercantil Del Sur Sa,821168794-4,3115604524.0,mercantildel@hotmail.com,"Avenida 79 #69-12, Cúcuta"
150,Proveedor,Nexo Comercial & Cía,845956316-9,3196664316.0,nexocomercia@yahoo.com,"Calle 106 #4-11, Medellín"
151,Proveedor,Nexo Comercial Sa,953581911-6,3171508113.0,nexocomercia@outlook.com,"Transversal 38 #83-39, Bucaramanga"
153,Proveedor,Soluciones Empresariales Ltda,899466126-8,3162781470.0,solucionesem@empresa.co,"Carrera 60 #16-35, Bucaramanga"
154,Cliente,Importadora Del Valle,Sin documento,3145165284.0,importadorad@hotmail.com,"Avenida 120 #74-93, Pereira"
155,Cliente,Techsupply Sas Ltda,933884788-4,3151388833.0,techsupplysa@gmail.com,"Diagonal 65 #59-31, Barranquilla"
156,Cliente,Comercial Del Norte,932847151-9,3508895137.0,comercialdel@empresa.co,"Transversal 2 #14-56, Cali"
157,Cliente,Soluciones Empresariales Ltda,812144663-6,3004265774.0,solucionesem@empresa.co,"Transversal 37 #10-50, Cúcuta"
158,Proveedor,Cadena De Valor Sas Sa,834537814-1,3147261229.0,cadenadevalo@empresa.co,"Transversal 47 #97-19, Barranquilla"
160,Cliente,Techsupply Sas Ltda,959376748-5,3169551583.0,techsupplysa@yahoo.com,"Diagonal 91 #73-39, Bucaramanga"
161,Proveedor,Soluciones Empresariales Sa,911814177-9,3121447065.0,solucionesem@yahoo.com,"Diagonal 34 #84-75, Ibagué"
162,Cliente,Comercial Del Norte & Cía,Sin documento,3187378535.0,comercialdel@hotmail.com,"Carrera 5 #74-90, Bogotá"
163,Cliente,Red De Proveedores Sa,840649519-6,3194420734.0,reddeproveed@outlook.com,"Transversal 100 #79-61, Medellín"
164,Cliente,Servicios Y Bienes Sa Sas,977765153-7,3167322070.0,serviciosybi@empresa.co,"Carrera 59 #69-44, Cúcuta"
165,Cliente,Abastecedores Nacionales & Cía,851610519-3,3126007984.0,abastecedore@hotmail.com,"Avenida 99 #37-91, Barranquilla"
166,Cliente,Corporación Integral Sa,893631139-8,3505587856.0,corporacióni@empresa.co,"Calle 74 #87-70, Manizales"
167,Proveedor,Distribuidora Latina Sa,877967791-0,3122325893.0,distribuidor@empresa.co,"Diagonal 84 #33-96, Bucaramanga"
168,Cliente,Cadena De Valor Sas Sa,836848929-1,Sin teléfono,cadenadevalo@hotmail.com,"Calle 86 #68-29, Barranquilla"
169,Cliente,Almacenes Progreso Sa,826989817-2,3003649811.0,almacenespro@outlook.com,"Diagonal 62 #84-26, Cartagena"
170,Proveedor,Comercial Del Norte,Sin documento,3503937099.0,comercialdel@outlook.com,"Carrera 120 #5-51, Bucaramanga"
171,Proveedor,Grupo Comercial Xyz,880099049-9,3172800206.0,grupocomerci@empresa.co,"Avenida 59 #83-70, Cúcuta"
172,Cliente,Proveedores Unidos & Cía,873239146-3,3202889899.0,proveedoresu@empresa.co,"Carrera 94 #59-83, Cartagena"
173,Cliente,Distribuciones Andinas Corp,879194970-9,3184240708.0,distribucion@hotmail.com,"Transversal 110 #82-52, Manizales"
174,Proveedor,Suministros Globales Ltda,849601825-2,3156429135.0,suministrosg@hotmail.com,"Calle 34 #50-31, Bucaramanga"
175,Proveedor,Inversiones Omega Sa,870210139-5,3194964499.0,inversioneso@gmail.com,"Calle 60 #40-21, Manizales"
176,Proveedor,Grupo Comercial Xyz Corp,971452765-4,3134705235.0,grupocomerci@hotmail.com,"Carrera 62 #20-59, Ibagué"
177,Proveedor,Cadena De Valor Sas Ltda,866428495-9,3212373555.0,cadenadevalo@yahoo.com,"Diagonal 68 #91-47, Bogotá"
178,Proveedor,Importadora Del Valle,953733435-8,3103760475.0,importadorad@empresa.co,"Transversal 57 #15-88, Barranquilla"
179,Cliente,Corporación Integral,814934623-7,3109610869.0,corporacióni@outlook.com,"Diagonal 73 #8-72, Bucaramanga"
180,Proveedor,Grupo Comercial Xyz Corp,906286672-4,3211050591.0,grupocomerci@hotmail.com,"Transversal 10 #6-55, Pereira"
181,Proveedor,Cadena De Valor Sas,926720648-0,3127859648.0,cadenadevalo@hotmail.com,"Carrera 99 #83-94, Manizales"
182,Cliente,Distribuidora Latina Ltda,900836581-1,3183231198.0,distribuidor@empresa.co,"Calle 23 #69-51, Cúcuta"
183,Cliente,Distribuciones Andinas,924286662-8,3149924365.0,distribucion@outlook.com,Sin dirección
184,Cliente,Importadora Del Valle,965067190-0,3114457475.0,importadorad@gmail.com,"Calle 77 #5-58, Ibagué"
185,Proveedor,Comercial Del Norte Sas,907982282-7,3114645172.0,comercialdel@gmail.com,"Carrera 65 #38-30, Ibagué"
186,Cliente,Globaltrade Colombia Corp,863593442-4,3503403511.0,globaltradec@yahoo.com,"Carrera 53 #39-36, Medellín"
187,Proveedor,Nexo Comercial Corp,968038753-6,3169315137.0,nexocomercia@gmail.com,"Avenida 83 #86-49, Cúcuta"
188,Proveedor,Almacenes Progreso Ltda,880500704-6,3108944327.0,almacenespro@hotmail.com,"Carrera 39 #91-19, Bucaramanga"
189,Cliente,Cadena De Valor Sas Ltda,949595524-8,3107516590.0,cadenadevalo@hotmail.com,"Avenida 27 #43-83, Bogotá"
190,Proveedor,Soluciones Empresariales,813834258-4,3141663497.0,solucionesem@gmail.com,"Carrera 103 #98-76, Cúcuta"
191,Cliente,Logística Express Sa,804116111-3,3504188068.0,logísticaexp@gmail.com,"Diagonal 118 #32-90, Ibagué"
192,Cliente,Distribuidora Latina Sas,875983125-6,3159953163.0,distribuidor@empresa.co,"Avenida 34 #47-66, Bucaramanga"
193,Proveedor,Corporación Integral Sa,899510345-5,3141766977.0,corporacióni@yahoo.com,"Carrera 95 #19-3, Cartagena"
194,Cliente,Nexo Comercial & Cía,879240076-2,3116534221.0,nexocomercia@hotmail.com,"Diagonal 73 #32-64, Cúcuta"
195,Cliente,Inversiones Omega Sa,Sin documento,3153822492.0,inversioneso@empresa.co,"Carrera 18 #93-70, Bucaramanga"
196,Proveedor,Cadena De Valor Sas Corp,940645258-0,Sin teléfono,cadenadevalo@gmail.com,"Calle 53 #18-81, Barranquilla"
197,Proveedor,Proveedores Unidos,935756646-7,3132014184.0,Sin correo,"Transversal 117 #62-85, Bucaramanga"
198,Cliente,Cadena De Valor Sas & Cía,803181221-0,3165609384.0,cadenadevalo@yahoo.com,"Avenida 3 #65-90, Manizales"
199,Proveedor,Techsupply Sas,940763634-2,Sin teléfono,techsupplysa@yahoo.com,"Transversal 33 #46-35, Manizales"
200,Proveedor,Distribuidora Latina Ltda,987162948-3,3122352527.0,distribuidor@gmail.com,"Calle 52 #49-49, Cúcuta"
201,Proveedor,Distribuciones Andinas Corp,822195886-7,3218279795.0,distribucion@empresa.co,"Transversal 110 #13-68, Medellín"
202,Cliente,Nexo Comercial Ltda,812498883-1,3185703878.0,Sin correo,"Transversal 85 #5-23, Pereira"
203,Proveedor,Logística Express & Cía,991317008-6,3502290796.0,logísticaexp@empresa.co,"Carrera 73 #31-73, Manizales"
204,Cliente,Cadena De Valor Sas Sa,998573833-2,3202315798.0,cadenadevalo@yahoo.com,"Avenida 7 #13-56, Barranquilla"
205,Cliente,Inversiones Omega & Cía,887611064-0,3185585666.0,inversioneso@outlook.com,"Diagonal 30 #46-71, Manizales"
206,Cliente,Nexo Comercial Corp,823003339-9,3125134741.0,nexocomercia@gmail.com,"Calle 35 #20-49, Cali"
207,Proveedor,Inversiones Omega Sa,824567329-0,3128461429.0,inversioneso@empresa.co,"Avenida 14 #17-12, Cali"
208,Cliente,Cadena De Valor Sas & Cía,827727484-0,3016937696.0,Sin correo,"Calle 77 #77-42, Manizales"
210,Proveedor,Abastecedores Nacionales Ltda,816983147-2,3145629871.0,abastecedore@outlook.com,"Avenida 62 #10-47, Cartagena"
211,Proveedor,Corporación Integral & Cía,922906297-1,3106111313.0,corporacióni@gmail.com,"Diagonal 43 #80-49, Pereira"
212,Proveedor,Almacenes Progreso Corp,880647482-5,3174369728.0,almacenespro@outlook.com,"Avenida 23 #51-41, Cartagena"
213,Proveedor,Corporación Integral & Cía,887479421-6,3127592357.0,corporacióni@empresa.co,"Calle 120 #73-26, Ibagué"
214,Proveedor,Techsupply Sas Corp,995209851-7,3194517316.0,techsupplysa@outlook.com,"Avenida 107 #89-9, Manizales"
215,Cliente,Proveedores Unidos Corp,864967062-4,3183586094.0,proveedoresu@outlook.com,"Diagonal 10 #58-77, Bucaramanga"
216,Cliente,Cadena De Valor Sas & Cía,945933648-0,3207031903.0,cadenadevalo@yahoo.com,"Transversal 82 #11-14, Barranquilla"
217,Proveedor,Soluciones Empresariales Sas,951188294-6,3206563269.0,solucionesem@outlook.com,"Calle 2 #13-34, Barranquilla"
219,Proveedor,Suministros Globales,893503760-4,3138639213.0,suministrosg@hotmail.com,"Transversal 62 #45-61, Bogotá"
220,Proveedor,Red De Proveedores Sa,880601526-0,3202930810.0,reddeproveed@gmail.com,"Avenida 83 #14-87, Cali"
221,Proveedor,Mercantil Del Sur & Cía,Sin documento,3138153291.0,mercantildel@outlook.com,"Carrera 103 #52-81, Cali"
222,Proveedor,Almacenes Progreso Ltda,997941182-9,3504310554.0,almacenespro@outlook.com,"Transversal 55 #50-1, Barranquilla"
223,Proveedor,Suministros Globales & Cía,944120046-2,3136469119.0,suministrosg@hotmail.com,"Diagonal 15 #34-86, Bucaramanga"
224,Cliente,Inversiones Omega & Cía,964096855-6,3172916496.0,inversioneso@empresa.co,"Avenida 109 #59-80, Cali"
225,Proveedor,Grupo Comercial Xyz & Cía,980418176-2,3132977390.0,grupocomerci@hotmail.com,"Avenida 15 #24-48, Cali"
226,Proveedor,Almacenes Progreso & Cía,Sin documento,3144116429.0,almacenespro@outlook.com,"Transversal 89 #83-23, Cúcuta"
227,Proveedor,Grupo Comercial Xyz Sas,884444429-7,3171899447.0,grupocomerci@empresa.co,"Calle 63 #18-25, Manizales"
228,Cliente,Servicios Y Bienes Sa Corp,909826165-7,3148446596.0,serviciosybi@outlook.com,Sin dirección
229,Cliente,Abastecedores Nacionales Sas,845153252-7,3179309978.0,abastecedore@yahoo.com,"Transversal 15 #74-15, Cartagena"
230,Proveedor,Soluciones Empresariales & Cía,992999788-7,3164666525.0,solucionesem@outlook.com,Sin dirección
231,Cliente,Comercial Del Norte Ltda,893570418-1,3152969410.0,comercialdel@hotmail.com,"Carrera 104 #95-76, Pereira"
232,Cliente,Globaltrade Colombia Corp,844555351-9,3104466502.0,globaltradec@hotmail.com,"Calle 73 #45-69, Cartagena"
233,Cliente,Techsupply Sas Sa,877667300-9,3129630451.0,techsupplysa@gmail.com,"Carrera 97 #53-8, Cartagena"
234,Proveedor,Proveedores Unidos Corp,867022224-2,3196403886.0,proveedoresu@hotmail.com,"Diagonal 63 #19-74, Cartagena"
235,Proveedor,Distribuidora Latina Ltda,970088157-1,3149650558.0,Sin correo,"Avenida 59 #63-42, Ibagué"
236,Cliente,Suministros Globales Corp,970413711-5,3212062512.0,suministrosg@yahoo.com,Sin dirección
237,Cliente,Grupo Comercial Xyz Sa,951972614-7,3206766993.0,grupocomerci@gmail.com,"Calle 13 #81-59, Medellín"
238,Proveedor,Red De Proveedores Ltda,914836500-3,3193213134.0,reddeproveed@empresa.co,Sin dirección
239,Proveedor,Soluciones Empresariales Corp,813901540-6,3186125594.0,Sin correo,"Diagonal 84 #12-91, Bogotá"
240,Proveedor,Corporación Integral,959364627-3,3168466983.0,corporacióni@gmail.com,"Calle 90 #44-16, Manizales"
241,Proveedor,Corporación Integral,902829551-1,3192718442.0,corporacióni@gmail.com,"Avenida 48 #39-18, Manizales"
242,Proveedor,Proveedores Unidos Corp,818364100-8,3171142182.0,proveedoresu@yahoo.com,"Carrera 57 #45-93, Barranquilla"
243,Cliente,Proveedores Unidos Ltda,858316175-1,3502685524.0,proveedoresu@hotmail.com,"Calle 76 #94-50, Pereira"
244,Proveedor,Inversiones Omega Sas,Sin documento,3115780177.0,inversioneso@gmail.com,"Avenida 27 #67-78, Cúcuta"
245,Proveedor,Distribuidora Latina Sa,864247630-7,3142891524.0,distribuidor@hotmail.com,"Diagonal 82 #77-10, Cúcuta"
246,Cliente,Distribuciones Andinas Sa,835428885-6,3218060918.0,distribucion@empresa.co,"Transversal 88 #23-98, Bucaramanga"
247,Proveedor,Suministros Globales,803702644-4,3111668183.0,suministrosg@gmail.com,"Diagonal 65 #37-81, Cúcuta"
248,Cliente,Almacenes Progreso Corp,822126547-8,3163561552.0,almacenespro@empresa.co,"Calle 40 #11-66, Barranquilla"
249,Cliente,Proveedores Unidos & Cía,904886188-9,Sin teléfono,proveedoresu@empresa.co,"Diagonal 94 #31-8, Barranquilla"
250,Cliente,Almacenes Progreso,Sin documento,3006189026.0,almacenespro@hotmail.com,"Calle 2 #91-18, Medellín"
251,Cliente,Soluciones Empresariales & Cía,844818776-5,Sin teléfono,solucionesem@gmail.com,"Calle 43 #55-35, Cúcuta"
252,Proveedor,Nexo Comercial Corp,Sin documento,3167041876.0,nexocomercia@gmail.com,"Diagonal 110 #73-22, Pereira"
253,Proveedor,Importadora Del Valle & Cía,861311844-8,3001738833.0,importadorad@gmail.com,"Carrera 6 #61-47, Manizales"
254,Proveedor,Techsupply Sas,860267871-5,3117983626.0,techsupplysa@empresa.co,"Avenida 106 #10-74, Pereira"
255,Proveedor,Techsupply Sas Sas,907622445-1,3508802985.0,Sin correo,"Avenida 42 #12-71, Bucaramanga"
256,Cliente,Logística Express Sa,998528416-9,3118783398.0,logísticaexp@empresa.co,"Transversal 64 #99-26, Cúcuta"
257,Proveedor,Mercantil Del Sur Sas,910068230-0,3116812025.0,mercantildel@gmail.com,"Avenida 1 #98-85, Manizales"
258,Proveedor,Grupo Comercial Xyz,942220992-3,3149254874.0,grupocomerci@gmail.com,"Carrera 92 #36-12, Medellín"
259,Cliente,Servicios Y Bienes Sa Ltda,923066388-1,3172603516.0,serviciosybi@yahoo.com,"Carrera 82 #51-10, Ibagué"
260,Proveedor,Almacenes Progreso Corp,863557928-4,Sin teléfono,almacenespro@outlook.com,"Avenida 41 #58-35, Barranquilla"
261,Proveedor,Logística Express Sas,841717702-1,3108542478.0,logísticaexp@outlook.com,"Avenida 53 #16-69, Pereira"
262,Cliente,Logística Express Ltda,924378654-4,3213011815.0,Sin correo,"Carrera 104 #88-39, Ibagué"
263,Proveedor,Inversiones Omega Sas,990899861-3,3137647878.0,Sin correo,"Calle 87 #39-34, Cali"
264,Proveedor,Distribuidora Latina Ltda,825427623-7,3013345338.0,distribuidor@gmail.com,"Calle 8 #29-17, Barranquilla"
265,Proveedor,Soluciones Empresariales Corp,956316354-9,Sin teléfono,solucionesem@gmail.com,"Calle 26 #83-57, Cali"
266,Proveedor,Inversiones Omega,Sin documento,3108267158.0,inversioneso@outlook.com,"Diagonal 4 #49-88, Manizales"
267,Cliente,Logística Express Sas,875122884-7,3503493621.0,logísticaexp@gmail.com,"Transversal 80 #79-32, Cartagena"
268,Proveedor,Cadena De Valor Sas Ltda,823547574-4,3143302438.0,cadenadevalo@outlook.com,"Carrera 83 #68-32, Cúcuta"
269,Cliente,Distribuidora Latina Corp,Sin documento,3209131572.0,distribuidor@empresa.co,"Transversal 65 #42-50, Cartagena"
270,Cliente,Inversiones Omega & Cía,807866087-4,3008913550.0,inversioneso@yahoo.com,"Avenida 99 #75-30, Cali"
271,Proveedor,Abastecedores Nacionales & Cía,858897848-9,3217516648.0,abastecedore@empresa.co,"Carrera 23 #31-76, Pereira"
272,Proveedor,Soluciones Empresariales & Cía,Sin documento,3173384080.0,solucionesem@yahoo.com,"Carrera 108 #64-70, Cartagena"
273,Proveedor,Comercial Del Norte,862444356-9,3111334336.0,comercialdel@yahoo.com,"Diagonal 1 #43-79, Barranquilla"
274,Proveedor,Inversiones Omega Corp,886862711-0,3003478196.0,inversioneso@yahoo.com,"Carrera 100 #15-68, Pereira"
275,Cliente,Soluciones Empresariales Corp,957307651-1,3136062779.0,solucionesem@empresa.co,"Carrera 21 #94-56, Bucaramanga"
276,Cliente,Techsupply Sas Corp,Sin documento,3213941912.0,techsupplysa@outlook.com,"Avenida 94 #89-38, Cali"
277,Proveedor,Distribuciones Andinas Corp,952332493-0,3106338793.0,distribucion@yahoo.com,"Carrera 82 #73-14, Bucaramanga"
278,Cliente,Mercantil Del Sur Sa,845066935-1,3216632941.0,mercantildel@outlook.com,"Calle 34 #27-32, Bogotá"
279,Proveedor,Importadora Del Valle Corp,812924484-6,3158040612.0,importadorad@hotmail.com,"Diagonal 64 #49-45, Cúcuta"
280,Proveedor,Corporación Integral & Cía,843662774-7,3011560573.0,corporacióni@empresa.co,"Calle 41 #34-14, Bogotá"
281,Proveedor,Distribuidora Latina Sas,Sin documento,3139098979.0,distribuidor@gmail.com,"Diagonal 84 #22-78, Manizales"
282,Proveedor,Importadora Del Valle Sa,850998510-6,3195450404.0,importadorad@empresa.co,"Avenida 31 #13-7, Manizales"
283,Proveedor,Corporación Integral Sas,896859277-0,3142470159.0,corporacióni@empresa.co,"Transversal 62 #26-13, Medellín"
284,Cliente,Grupo Comercial Xyz,831006691-4,3207668395.0,grupocomerci@outlook.com,"Diagonal 115 #85-34, Bogotá"
285,Cliente,Distribuidora Latina Sas,902393412-5,3108478868.0,distribuidor@gmail.com,"Avenida 57 #60-34, Barranquilla"
286,Proveedor,Nexo Comercial,986957497-1,Sin teléfono,nexocomercia@yahoo.com,"Diagonal 97 #76-30, Cúcuta"
287,Cliente,Distribuidora Latina & Cía,943751054-7,3174953417.0,distribuidor@outlook.com,"Avenida 11 #51-92, Medellín"
288,Proveedor,Servicios Y Bienes Sa & Cía,832287918-7,3103804559.0,serviciosybi@hotmail.com,"Carrera 17 #6-55, Bogotá"
289,Proveedor,Almacenes Progreso Sas,959731889-4,3132124274.0,almacenespro@gmail.com,"Diagonal 72 #51-71, Pereira"
290,Proveedor,Servicios Y Bienes Sa Ltda,988015446-9,3179767135.0,serviciosybi@outlook.com,"Calle 54 #20-19, Ibagué"
291,Proveedor,Importadora Del Valle,876797465-8,3506769167.0,importadorad@outlook.com,"Avenida 50 #84-63, Ibagué"
292,Cliente,Comercial Del Norte Sas,908172499-2,3177739741.0,Sin correo,"Diagonal 114 #43-89, Barranquilla"
293,Cliente,Corporación Integral Sa,805431225-5,3216084418.0,corporacióni@empresa.co,"Avenida 108 #63-90, Bogotá"
294,Cliente,Mercantil Del Sur Sas,999641794-7,3206383277.0,mercantildel@empresa.co,"Diagonal 78 #83-12, Barranquilla"
295,Cliente,Almacenes Progreso Corp,938647292-5,3211942977.0,almacenespro@yahoo.com,"Carrera 9 #40-91, Cúcuta"
296,Proveedor,Servicios Y Bienes Sa & Cía,846637267-3,3504367636.0,serviciosybi@gmail.com,"Carrera 5 #59-7, Pereira"
297,Cliente,Abastecedores Nacionales Sa,Sin documento,3183078241.0,abastecedore@gmail.com,"Carrera 48 #63-77, Bucaramanga"
298,Cliente,Corporación Integral & Cía,892408639-2,3215339593.0,corporacióni@gmail.com,"Avenida 4 #50-7, Cali"
299,Proveedor,Logística Express Sas,981917432-3,3127870390.0,logísticaexp@yahoo.com,"Calle 111 #99-88, Medellín"
300,Proveedor,Proveedores Unidos Corp,961367812-0,3115234408.0,proveedoresu@yahoo.com,"Avenida 92 #91-83, Cartagena"
301,Cliente,Distribuidora Latina Sa,867645389-3,3156069153.0,distribuidor@yahoo.com,"Transversal 51 #75-14, Medellín"
302,Cliente,Soluciones Empresariales & Cía,880121521-1,3152071008.0,solucionesem@empresa.co,"Avenida 82 #42-36, Cartagena"
303,Proveedor,Grupo Comercial Xyz Sas,938859939-3,3501952520.0,grupocomerci@yahoo.com,"Diagonal 85 #41-88, Cali"
304,Cliente,Corporación Integral Sa,912357871-6,3141592554.0,corporacióni@yahoo.com,"Transversal 105 #25-44, Barranquilla"
305,Cliente,Corporación Integral Corp,936181295-4,3213851902.0,corporacióni@yahoo.com,"Carrera 38 #13-61, Cali"
306,Cliente,Cadena De Valor Sas Sas,975673463-1,3116960666.0,cadenadevalo@hotmail.com,"Avenida 54 #43-48, Cartagena"
307,Cliente,Red De Proveedores,814408797-9,3172194801.0,reddeproveed@outlook.com,"Carrera 65 #16-88, Manizales"
308,Proveedor,Almacenes Progreso,836873704-3,3137865099.0,almacenespro@yahoo.com,"Diagonal 19 #41-92, Cali"
309,Proveedor,Corporación Integral Sa,884131448-0,3008584194.0,corporacióni@empresa.co,"Carrera 98 #22-74, Cali"
310,Cliente,Suministros Globales Sas,970050516-6,3148197852.0,suministrosg@outlook.com,"Diagonal 1 #5-69, Barranquilla"
311,Proveedor,Distribuciones Andinas Sa,804809323-0,3185174559.0,distribucion@hotmail.com,"Avenida 40 #17-14, Manizales"
312,Proveedor,Grupo Comercial Xyz Sas,812272427-4,3128649174.0,grupocomerci@yahoo.com,"Transversal 68 #44-56, Cali"
313,Proveedor,Corporación Integral Sa,844260579-6,3004832222.0,corporacióni@hotmail.com,"Carrera 28 #94-3, Ibagué"
314,Proveedor,Importadora Del Valle Sa,900714951-4,3209971338.0,importadorad@yahoo.com,"Calle 77 #7-85, Bogotá"
315,Proveedor,Distribuciones Andinas,911877339-7,3143073581.0,distribucion@yahoo.com,"Avenida 61 #90-20, Barranquilla"
316,Cliente,Distribuciones Andinas Sa,977614233-1,3189729340.0,distribucion@empresa.co,"Transversal 78 #90-18, Manizales"
317,Proveedor,Importadora Del Valle & Cía,875888520-1,3202782809.0,importadorad@outlook.com,"Carrera 78 #26-34, Cúcuta"
318,Cliente,Soluciones Empresariales Corp,879282735-2,3009327450.0,solucionesem@hotmail.com,"Diagonal 43 #31-1, Medellín"
319,Cliente,Importadora Del Valle & Cía,840035669-1,3209584991.0,importadorad@gmail.com,"Calle 116 #33-83, Barranquilla"
320,Cliente,Grupo Comercial Xyz Sa,813443300-1,3213931009.0,grupocomerci@gmail.com,"Avenida 47 #87-41, Manizales"
321,Proveedor,Importadora Del Valle,837149975-2,3136998314.0,importadorad@outlook.com,"Transversal 35 #94-12, Pereira"
322,Cliente,Techsupply Sas,907441351-7,3127471232.0,techsupplysa@outlook.com,"Diagonal 84 #22-15, Cali"
323,Proveedor,Comercial Del Norte Sas,911676588-9,3158351152.0,comercialdel@hotmail.com,"Transversal 49 #46-79, Medellín"
324,Cliente,Proveedores Unidos Ltda,830316423-6,3151771287.0,proveedoresu@gmail.com,"Avenida 84 #41-2, Cúcuta"
325,Proveedor,Nexo Comercial Corp,979809974-5,3169776214.0,nexocomercia@yahoo.com,"Calle 56 #85-94, Barranquilla"
326,Proveedor,Distribuidora Latina Sas,803125894-2,3168873361.0,distribuidor@outlook.com,"Carrera 10 #97-63, Pereira"
327,Proveedor,Abastecedores Nacionales,947772528-6,3144942645.0,abastecedore@gmail.com,"Diagonal 57 #74-58, Bogotá"
328,Proveedor,Red De Proveedores Sa,933512640-0,3017768594.0,reddeproveed@outlook.com,"Calle 72 #71-1, Bogotá"
329,Cliente,Globaltrade Colombia Corp,936455873-8,3118653898.0,globaltradec@empresa.co,"Avenida 106 #7-29, Bucaramanga"
330,Cliente,Globaltrade Colombia & Cía,992376434-5,3198592234.0,globaltradec@gmail.com,"Calle 98 #85-29, Medellín"
331,Cliente,Grupo Comercial Xyz & Cía,988467474-1,3003754070.0,grupocomerci@outlook.com,"Carrera 106 #92-96, Manizales"
333,Proveedor,Red De Proveedores Corp,933903294-0,3161814896.0,reddeproveed@yahoo.com,"Diagonal 108 #75-62, Cúcuta"
334,Proveedor,Techsupply Sas Corp,996090666-2,3017499587.0,techsupplysa@yahoo.com,"Transversal 113 #42-65, Manizales"
335,Proveedor,Globaltrade Colombia Corp,873442834-6,3135935413.0,globaltradec@outlook.com,Sin dirección
336,Proveedor,Cadena De Valor Sas Sa,853925752-3,3175875114.0,cadenadevalo@empresa.co,"Carrera 91 #84-23, Cúcuta"
338,Proveedor,Proveedores Unidos,853660896-4,3203700047.0,proveedoresu@empresa.co,"Avenida 19 #8-89, Cartagena"
339,Cliente,Cadena De Valor Sas,921492412-1,3174763253.0,cadenadevalo@yahoo.com,"Diagonal 31 #66-90, Cartagena"
340,Cliente,Comercial Del Norte Ltda,911821147-5,3161902651.0,comercialdel@gmail.com,"Avenida 26 #80-57, Barranquilla"
341,Proveedor,Soluciones Empresariales & Cía,994592758-3,3128529864.0,solucionesem@hotmail.com,"Calle 24 #23-95, Cúcuta"
342,Cliente,Almacenes Progreso Sa,Sin documento,3175278461.0,almacenespro@gmail.com,"Avenida 60 #91-20, Medellín"
343,Proveedor,Inversiones Omega & Cía,967870585-9,3216052539.0,inversioneso@outlook.com,"Transversal 71 #46-10, Pereira"
344,Proveedor,Techsupply Sas & Cía,935597580-2,3147768215.0,techsupplysa@gmail.com,"Avenida 29 #28-85, Pereira"
345,Cliente,Grupo Comercial Xyz Sas,950682131-0,3016805039.0,grupocomerci@outlook.com,"Carrera 116 #83-79, Ibagué"
346,Cliente,Comercial Del Norte Corp,902373929-1,3145304875.0,comercialdel@yahoo.com,"Avenida 4 #67-99, Pereira"
347,Cliente,Servicios Y Bienes Sa Ltda,811771340-4,3504229821.0,serviciosybi@empresa.co,"Transversal 11 #13-22, Cúcuta"
348,Proveedor,Suministros Globales Sas,983987052-6,3212743602.0,suministrosg@hotmail.com,"Transversal 107 #90-95, Manizales"
349,Proveedor,Suministros Globales Corp,806376132-7,3196565260.0,suministrosg@gmail.com,"Calle 10 #7-23, Cartagena"
350,Cliente,Nexo Comercial Sas,909423090-6,3157785511.0,nexocomercia@outlook.com,"Avenida 3 #50-87, Bogotá"
351,Proveedor,Globaltrade Colombia,988141586-1,Sin teléfono,globaltradec@gmail.com,"Avenida 101 #88-39, Ibagué"
352,Cliente,Red De Proveedores Ltda,977361524-0,3153622672.0,reddeproveed@yahoo.com,Sin dirección
353,Cliente,Proveedores Unidos Sa,802993111-8,3213371859.0,proveedoresu@gmail.com,"Calle 1 #74-77, Manizales"
354,Proveedor,Suministros Globales Sa,999026229-5,3117923193.0,suministrosg@yahoo.com,"Carrera 21 #24-29, Ibagué"
355,Proveedor,Logística Express,980114260-9,3211912484.0,logísticaexp@yahoo.com,"Diagonal 83 #71-10, Cartagena"
356,Proveedor,Abastecedores Nacionales,994773882-9,3156550757.0,abastecedore@empresa.co,Sin dirección
357,Cliente,Suministros Globales Sas,930422381-7,3136128383.0,suministrosg@yahoo.com,"Carrera 73 #73-47, Pereira"
358,Cliente,Techsupply Sas,866082135-3,3198316947.0,techsupplysa@empresa.co,"Avenida 18 #87-94, Pereira"
359,Cliente,Red De Proveedores Ltda,Sin documento,3162825908.0,reddeproveed@hotmail.com,"Transversal 11 #36-18, Cúcuta"
360,Proveedor,Suministros Globales Corp,805001030-8,3181523352.0,suministrosg@yahoo.com,"Transversal 52 #99-76, Barranquilla"
361,Cliente,Cadena De Valor Sas Sa,975532129-2,3137585029.0,cadenadevalo@hotmail.com,"Transversal 94 #38-18, Bucaramanga"
362,Cliente,Suministros Globales Ltda,Sin documento,3185007754.0,suministrosg@yahoo.com,"Carrera 97 #66-18, Bucaramanga"
363,Proveedor,Nexo Comercial & Cía,997546969-7,3131678132.0,nexocomercia@hotmail.com,"Diagonal 30 #9-34, Pereira"
364,Cliente,Logística Express & Cía,904177951-7,3508627651.0,logísticaexp@gmail.com,"Calle 84 #42-14, Cúcuta"
365,Cliente,Abastecedores Nacionales Corp,955325193-8,3173916715.0,abastecedore@outlook.com,"Diagonal 47 #76-84, Bogotá"
366,Cliente,Distribuidora Latina Sas,894730336-5,3159088465.0,distribuidor@yahoo.com,"Calle 65 #18-57, Cali"
367,Cliente,Servicios Y Bienes Sa Corp,856778690-2,3103640018.0,serviciosybi@empresa.co,"Transversal 92 #16-85, Barranquilla"
368,Proveedor,Inversiones Omega Corp,929256141-7,3154535025.0,Sin correo,"Carrera 83 #53-3, Barranquilla"
369,Proveedor,Nexo Comercial & Cía,836164710-8,3003463987.0,nexocomercia@gmail.com,"Carrera 34 #24-67, Manizales"
370,Proveedor,Nexo Comercial Corp,993152007-4,3014633834.0,nexocomercia@outlook.com,"Transversal 61 #62-22, Barranquilla"
371,Proveedor,Globaltrade Colombia Sas,967292126-8,3123813903.0,globaltradec@empresa.co,"Diagonal 77 #76-9, Barranquilla"
372,Proveedor,Proveedores Unidos,854317525-8,3219461748.0,proveedoresu@outlook.com,"Carrera 78 #13-23, Bucaramanga"
373,Proveedor,Globaltrade Colombia,825015490-7,3183186555.0,globaltradec@yahoo.com,"Transversal 106 #1-87, Manizales"
374,Cliente,Soluciones Empresariales,861602246-7,Sin teléfono,solucionesem@empresa.co,"Transversal 103 #95-98, Ibagué"
375,Cliente,Proveedores Unidos Sa,862414702-1,3127855954.0,proveedoresu@empresa.co,"Carrera 1 #91-96, Medellín"
376,Proveedor,Importadora Del Valle & Cía,900671316-3,3196299951.0,importadorad@outlook.com,Sin dirección
377,Cliente,Cadena De Valor Sas Ltda,964250468-4,3187668174.0,cadenadevalo@hotmail.com,"Diagonal 71 #72-62, Cali"
379,Proveedor,Inversiones Omega & Cía,843147781-6,Sin teléfono,inversioneso@gmail.com,"Carrera 61 #77-56, Bogotá"
380,Proveedor,Mercantil Del Sur Sa,963484940-0,Sin teléfono,mercantildel@outlook.com,"Transversal 84 #67-37, Ibagué"
381,Cliente,Techsupply Sas Corp,917835662-0,3119693169.0,techsupplysa@empresa.co,"Carrera 5 #77-66, Cúcuta"
382,Proveedor,Globaltrade Colombia Sas,896566971-3,3181004819.0,globaltradec@hotmail.com,"Calle 36 #52-46, Manizales"
383,Proveedor,Logística Express & Cía,997816942-1,3502512732.0,logísticaexp@yahoo.com,"Avenida 93 #72-75, Pereira"
384,Proveedor,Abastecedores Nacionales Sas,922073441-6,Sin teléfono,abastecedore@empresa.co,"Carrera 53 #65-14, Cúcuta"
385,Proveedor,Grupo Comercial Xyz Sa,937784344-4,3505196677.0,grupocomerci@outlook.com,"Diagonal 73 #62-99, Barranquilla"
386,Cliente,Red De Proveedores Corp,957525043-0,3152950658.0,reddeproveed@empresa.co,"Calle 49 #82-29, Barranquilla"
387,Proveedor,Almacenes Progreso Sa,988124547-4,3115819919.0,almacenespro@gmail.com,"Diagonal 87 #96-44, Bogotá"
388,Cliente,Techsupply Sas Ltda,894902114-3,3505514342.0,techsupplysa@hotmail.com,"Carrera 64 #95-26, Barranquilla"
389,Proveedor,Abastecedores Nacionales Sas,854429732-3,3216973148.0,abastecedore@hotmail.com,"Calle 16 #11-87, Bucaramanga"
390,Cliente,Cadena De Valor Sas,899642311-9,3139260100.0,cadenadevalo@yahoo.com,Sin dirección
391,Proveedor,Mercantil Del Sur & Cía,814535288-8,3208099712.0,mercantildel@outlook.com,"Transversal 5 #65-45, Manizales"
393,Proveedor,Globaltrade Colombia Sa,947253866-4,3115519920.0,globaltradec@outlook.com,"Transversal 44 #47-24, Bucaramanga"
394,Cliente,Almacenes Progreso Corp,897999875-6,3128561977.0,almacenespro@hotmail.com,"Transversal 17 #74-88, Barranquilla"
395,Cliente,Abastecedores Nacionales Sas,902242605-3,3103509000.0,abastecedore@outlook.com,"Calle 23 #54-64, Cali"
396,Cliente,Servicios Y Bienes Sa & Cía,930626115-4,3121800429.0,serviciosybi@outlook.com,"Calle 89 #21-8, Barranquilla"
397,Proveedor,Corporación Integral Corp,920756982-5,3127055937.0,corporacióni@empresa.co,"Transversal 72 #33-45, Medellín"
398,Proveedor,Soluciones Empresariales Corp,954848000-9,3183928275.0,solucionesem@empresa.co,"Avenida 42 #87-66, Bucaramanga"
399,Cliente,Red De Proveedores,964729114-4,3153430151.0,reddeproveed@hotmail.com,"Avenida 54 #81-79, Ibagué"
400,Proveedor,Suministros Globales,892241265-3,3136316334.0,suministrosg@empresa.co,"Avenida 78 #83-51, Cartagena"
401,Cliente,Soluciones Empresariales Corp,911129342-2,3101387572.0,solucionesem@hotmail.com,"Carrera 85 #33-96, Bogotá"
402,Proveedor,Distribuidora Latina,817124141-7,3161903041.0,distribuidor@gmail.com,Sin dirección
403,Cliente,Proveedores Unidos,883046053-3,3115767670.0,Sin correo,"Carrera 17 #68-22, Medellín"
404,Cliente,Soluciones Empresariales Sa,925411293-8,3505570355.0,solucionesem@yahoo.com,"Diagonal 18 #90-70, Cali"
405,Cliente,Red De Proveedores Corp,940515171-8,3126824517.0,reddeproveed@outlook.com,"Transversal 30 #12-57, Cartagena"
406,Cliente,Abastecedores Nacionales Sas,802833556-0,3163286742.0,abastecedore@empresa.co,"Avenida 61 #69-2, Bucaramanga"
407,Proveedor,Corporación Integral Sa,915544099-4,3174879150.0,corporacióni@gmail.com,"Transversal 48 #25-53, Cúcuta"
408,Cliente,Mercantil Del Sur Sas,901564718-3,3122328918.0,mercantildel@outlook.com,Sin dirección
409,Cliente,Cadena De Valor Sas Sa,850466032-1,3103292170.0,cadenadevalo@empresa.co,Sin dirección
411,Proveedor,Distribuciones Andinas Sas,840448846-0,3154643811.0,distribucion@empresa.co,"Diagonal 40 #64-48, Bucaramanga"
412,Proveedor,Comercial Del Norte Sa,839215153-0,3127583744.0,comercialdel@gmail.com,"Transversal 61 #24-25, Cartagena"
413,Proveedor,Distribuciones Andinas,903293398-7,3111562209.0,distribucion@hotmail.com,"Diagonal 95 #99-13, Cúcuta"
414,Cliente,Logística Express Ltda,982923278-4,3506420100.0,logísticaexp@hotmail.com,Sin dirección
415,Cliente,Grupo Comercial Xyz Sas,813982134-3,3014958849.0,grupocomerci@outlook.com,"Avenida 2 #22-36, Ibagué"
416,Cliente,Distribuciones Andinas,984792723-9,3107231035.0,distribucion@gmail.com,"Carrera 21 #64-12, Ibagué"
417,Cliente,Comercial Del Norte,973026756-2,3199998515.0,comercialdel@gmail.com,"Carrera 63 #30-41, Cúcuta"
418,Proveedor,Soluciones Empresariales Ltda,805731856-6,3133260430.0,solucionesem@empresa.co,Sin dirección
419,Proveedor,Corporación Integral Sas,945927029-5,3138858359.0,corporacióni@empresa.co,"Transversal 118 #71-21, Bogotá"
420,Cliente,Red De Proveedores Sa,945386240-5,3151012076.0,reddeproveed@yahoo.com,"Diagonal 94 #24-3, Ibagué"
421,Cliente,Globaltrade Colombia Sas,Sin documento,3187501017.0,globaltradec@hotmail.com,"Transversal 88 #64-99, Cúcuta"
422,Cliente,Grupo Comercial Xyz Sa,972041338-5,3012614912.0,grupocomerci@yahoo.com,"Calle 6 #17-23, Medellín"
423,Proveedor,Corporación Integral Sas,808540851-9,3187519606.0,Sin correo,"Transversal 80 #90-76, Cartagena"
424,Proveedor,Mercantil Del Sur & Cía,803512774-3,3189244416.0,mercantildel@gmail.com,"Diagonal 103 #82-8, Pereira"
425,Cliente,Almacenes Progreso Sa,965606779-4,3161682046.0,almacenespro@gmail.com,"Avenida 10 #28-67, Bogotá"
426,Proveedor,Cadena De Valor Sas Ltda,851840107-8,3185173551.0,cadenadevalo@yahoo.com,"Carrera 72 #96-72, Manizales"
427,Cliente,Nexo Comercial Sa,988589440-6,3502746548.0,nexocomercia@hotmail.com,"Carrera 71 #52-65, Pereira"
428,Cliente,Cadena De Valor Sas & Cía,894576273-5,3166446792.0,cadenadevalo@empresa.co,"Diagonal 98 #82-56, Pereira"
429,Proveedor,Nexo Comercial & Cía,900680227-8,3505262908.0,nexocomercia@empresa.co,"Diagonal 58 #51-1, Medellín"
430,Proveedor,Globaltrade Colombia,881025002-0,3124722641.0,globaltradec@hotmail.com,"Avenida 3 #99-89, Cartagena"
431,Proveedor,Servicios Y Bienes Sa & Cía,825310008-0,3156966913.0,serviciosybi@hotmail.com,"Carrera 34 #47-75, Barranquilla"
432,Cliente,Grupo Comercial Xyz,952757204-3,3192295227.0,grupocomerci@empresa.co,"Diagonal 23 #63-89, Ibagué"
433,Cliente,Importadora Del Valle & Cía,810031860-9,3142316632.0,importadorad@gmail.com,"Avenida 45 #56-54, Bogotá"
434,Proveedor,Mercantil Del Sur Corp,970157773-6,3006113416.0,mercantildel@yahoo.com,"Calle 41 #70-73, Cali"
435,Proveedor,Mercantil Del Sur Sas,980827582-6,3159467953.0,mercantildel@gmail.com,"Carrera 56 #38-51, Cali"
436,Proveedor,Corporación Integral & Cía,947143540-6,3122427388.0,corporacióni@outlook.com,"Transversal 56 #90-17, Cali"
437,Cliente,Logística Express Ltda,975086606-9,3119795418.0,logísticaexp@hotmail.com,"Carrera 10 #35-56, Pereira"
438,Proveedor,Nexo Comercial,980320861-6,3147128174.0,nexocomercia@empresa.co,"Carrera 42 #45-77, Medellín"
439,Proveedor,Techsupply Sas Sa,967284186-2,3151752920.0,techsupplysa@hotmail.com,"Carrera 88 #48-20, Bogotá"
440,Proveedor,Mercantil Del Sur & Cía,877224878-0,3132866934.0,mercantildel@empresa.co,"Diagonal 61 #3-43, Barranquilla"
441,Cliente,Logística Express Sas,947317392-7,3173371416.0,logísticaexp@gmail.com,Sin dirección
442,Proveedor,Comercial Del Norte Sa,986972459-9,3121890622.0,comercialdel@outlook.com,"Calle 9 #50-85, Cartagena"
443,Proveedor,Soluciones Empresariales,878516183-6,3117387106.0,solucionesem@yahoo.com,"Calle 116 #41-63, Ibagué"
444,Cliente,Techsupply Sas Sas,950508415-0,3005150551.0,Sin correo,"Avenida 43 #63-51, Cali"
445,Cliente,Soluciones Empresariales Sa,863405732-8,3122040350.0,solucionesem@empresa.co,"Diagonal 114 #4-72, Cartagena"
446,Proveedor,Inversiones Omega Ltda,823567294-6,3164815608.0,inversioneso@outlook.com,"Carrera 74 #20-55, Cartagena"
447,Proveedor,Inversiones Omega Ltda,855500982-2,3174394202.0,inversioneso@hotmail.com,"Avenida 89 #91-68, Cali"
448,Proveedor,Proveedores Unidos Corp,885227240-1,3169941610.0,proveedoresu@gmail.com,"Carrera 41 #19-94, Medellín"
449,Cliente,Almacenes Progreso Ltda,918918110-4,3104153002.0,almacenespro@gmail.com,"Carrera 24 #4-98, Ibagué"
450,Proveedor,Globaltrade Colombia & Cía,960084354-3,3111437625.0,globaltradec@empresa.co,"Calle 89 #62-18, Cúcuta"
451,Cliente,Corporación Integral Corp,849385809-6,3158949832.0,corporacióni@hotmail.com,"Carrera 25 #29-5, Manizales"
452,Cliente,Distribuciones Andinas Sa,859741440-3,3204431982.0,distribucion@gmail.com,"Carrera 119 #57-79, Bucaramanga"
453,Cliente,Red De Proveedores Sas,908680595-0,3177381619.0,reddeproveed@empresa.co,"Diagonal 79 #96-74, Ibagué"
454,Proveedor,Comercial Del Norte & Cía,921228026-7,3211711620.0,comercialdel@hotmail.com,"Transversal 69 #51-95, Medellín"
455,Proveedor,Servicios Y Bienes Sa Corp,850962563-4,3157678001.0,serviciosybi@empresa.co,"Avenida 60 #22-55, Cartagena"
457,Proveedor,Inversiones Omega Ltda,848017352-7,3174387856.0,inversioneso@outlook.com,"Calle 33 #42-89, Cali"
458,Proveedor,Importadora Del Valle,989576289-7,3187089179.0,importadorad@gmail.com,"Transversal 91 #50-94, Cúcuta"
459,Cliente,Techsupply Sas Ltda,811785948-2,3506623607.0,techsupplysa@yahoo.com,"Carrera 21 #19-23, Medellín"
460,Cliente,Grupo Comercial Xyz Corp,877518934-2,3013207395.0,grupocomerci@hotmail.com,"Calle 80 #98-33, Medellín"
461,Proveedor,Corporación Integral & Cía,963204442-7,3114638539.0,corporacióni@yahoo.com,"Diagonal 59 #53-57, Bogotá"
462,Cliente,Distribuciones Andinas Sas,966367179-8,3214483580.0,Sin correo,"Carrera 19 #8-84, Pereira"
463,Cliente,Comercial Del Norte Corp,888881954-1,3002826831.0,comercialdel@outlook.com,"Carrera 21 #87-37, Ibagué"
464,Proveedor,Globaltrade Colombia & Cía,922228816-9,3131601296.0,globaltradec@gmail.com,"Avenida 42 #48-49, Bogotá"
465,Cliente,Cadena De Valor Sas,926383934-2,3015603979.0,cadenadevalo@empresa.co,"Transversal 53 #68-27, Barranquilla"
466,Proveedor,Importadora Del Valle & Cía,929832293-9,3505818203.0,importadorad@outlook.com,"Transversal 109 #41-34, Cúcuta"
467,Proveedor,Globaltrade Colombia Sa,964897210-9,3159719216.0,globaltradec@outlook.com,"Diagonal 104 #24-79, Barranquilla"
468,Proveedor,Logística Express,806438907-7,3182978465.0,logísticaexp@hotmail.com,"Transversal 54 #53-6, Pereira"
470,Proveedor,Inversiones Omega Ltda,847145075-3,3136669639.0,inversioneso@outlook.com,"Diagonal 103 #5-83, Cali"
471,Cliente,Red De Proveedores & Cía,924143364-6,3501939897.0,reddeproveed@yahoo.com,"Avenida 73 #93-87, Pereira"
472,Cliente,Distribuciones Andinas Sas,894917581-1,3105705338.0,distribucion@gmail.com,"Avenida 49 #81-69, Cali"
473,Proveedor,Distribuidora Latina Sas,882753663-5,3191530633.0,distribuidor@empresa.co,"Diagonal 12 #64-31, Pereira"
474,Cliente,Grupo Comercial Xyz Sas,846979626-1,3131627384.0,grupocomerci@hotmail.com,"Calle 57 #65-4, Bucaramanga"
475,Cliente,Proveedores Unidos Sas,929781011-8,3126491819.0,proveedoresu@hotmail.com,"Calle 106 #67-87, Cali"
476,Cliente,Comercial Del Norte Ltda,991576315-8,3011068952.0,comercialdel@empresa.co,"Calle 88 #77-12, Pereira"
477,Cliente,Comercial Del Norte,806034498-9,3206236888.0,comercialdel@hotmail.com,"Avenida 26 #25-37, Cartagena"
478,Proveedor,Red De Proveedores Corp,873190057-2,3105590865.0,reddeproveed@gmail.com,"Calle 80 #72-66, Bogotá"
479,Cliente,Soluciones Empresariales & Cía,872759995-2,3195752443.0,solucionesem@yahoo.com,"Carrera 22 #10-40, Ibagué"
480,Proveedor,Cadena De Valor Sas Ltda,Sin documento,3151846511.0,cadenadevalo@gmail.com,"Diagonal 7 #12-55, Manizales"
481,Cliente,Globaltrade Colombia & Cía,965440888-5,3126575607.0,globaltradec@hotmail.com,"Transversal 11 #97-98, Bucaramanga"
482,Cliente,Suministros Globales Corp,826108837-7,3128808058.0,suministrosg@outlook.com,"Carrera 29 #19-79, Cartagena"
483,Cliente,Distribuidora Latina Sas,887177391-7,3151507747.0,distribuidor@gmail.com,"Diagonal 15 #45-62, Bucaramanga"
484,Proveedor,Grupo Comercial Xyz Sa,936351700-1,3142794848.0,grupocomerci@empresa.co,"Transversal 84 #10-39, Cúcuta"
485,Proveedor,Nexo Comercial Ltda,966664820-3,3163667917.0,nexocomercia@outlook.com,"Diagonal 9 #44-27, Ibagué"
486,Cliente,Almacenes Progreso & Cía,946170321-3,3102306851.0,almacenespro@yahoo.com,"Diagonal 15 #76-77, Bucaramanga"
487,Proveedor,Importadora Del Valle Ltda,882687708-6,Sin teléfono,importadorad@yahoo.com,"Diagonal 42 #64-83, Medellín"
488,Proveedor,Proveedores Unidos & Cía,839386287-2,3159912993.0,proveedoresu@empresa.co,"Diagonal 79 #74-58, Barranquilla"
489,Cliente,Inversiones Omega Sa,916696148-5,3011136218.0,inversioneso@yahoo.com,"Transversal 52 #17-38, Medellín"
490,Proveedor,Cadena De Valor Sas,988805184-8,3217027124.0,cadenadevalo@gmail.com,"Avenida 111 #4-31, Manizales"
492,Proveedor,Soluciones Empresariales Ltda,877435808-2,3101194661.0,solucionesem@gmail.com,"Calle 19 #93-63, Manizales"
493,Proveedor,Proveedores Unidos,972400764-6,3218650891.0,proveedoresu@yahoo.com,"Diagonal 80 #24-59, Cúcuta"
494,Cliente,Red De Proveedores Ltda,860596866-2,3141124654.0,reddeproveed@yahoo.com,Sin dirección
496,Proveedor,Red De Proveedores & Cía,940487518-9,3015114298.0,reddeproveed@outlook.com,"Calle 88 #82-70, Ibagué"
497,Proveedor,Comercial Del Norte Sa,Sin documento,3168872413.0,comercialdel@yahoo.com,"Avenida 54 #46-38, Cartagena"
498,Cliente,Globaltrade Colombia Corp,995144982-9,3122030419.0,globaltradec@outlook.com,"Transversal 22 #74-7, Cartagena"
499,Cliente,Globaltrade Colombia,930126822-1,3109482495.0,globaltradec@gmail.com,Sin dirección
500,Proveedor,Abastecedores Nacionales,962087110-2,3503535634.0,abastecedore@outlook.com,"Avenida 104 #23-34, Barranquilla"
501,Cliente,Servicios Y Bienes Sa,822656344-2,3173586212.0,serviciosybi@outlook.com,"Diagonal 99 #50-31, Bucaramanga"
502,Cliente,Techsupply Sas Sas,814582966-4,3202946062.0,techsupplysa@gmail.com,"Carrera 60 #52-61, Cartagena"
503,Cliente,Cadena De Valor Sas Sas,983478307-6,3155406118.0,cadenadevalo@hotmail.com,"Transversal 112 #56-2, Cartagena"
504,Cliente,Red De Proveedores Ltda,942338818-0,3019913623.0,reddeproveed@empresa.co,Sin dirección
505,Cliente,Importadora Del Valle Sa,923777895-3,3194270310.0,importadorad@yahoo.com,"Avenida 87 #89-24, Pereira"
506,Proveedor,Distribuciones Andinas,Sin documento,3162743274.0,distribucion@outlook.com,"Avenida 29 #93-37, Cartagena"
507,Cliente,Distribuciones Andinas & Cía,815269120-9,3184637715.0,distribucion@yahoo.com,"Calle 91 #16-12, Ibagué"
508,Proveedor,Importadora Del Valle Corp,868004295-4,3152270273.0,importadorad@outlook.com,Sin dirección
509,Proveedor,Suministros Globales Sa,902756825-6,3132007616.0,suministrosg@empresa.co,"Avenida 23 #57-9, Bucaramanga"
510,Cliente,Logística Express & Cía,847900204-7,3013413781.0,logísticaexp@yahoo.com,"Diagonal 28 #79-83, Bogotá"
511,Proveedor,Abastecedores Nacionales,819574180-1,3175204309.0,abastecedore@outlook.com,"Calle 115 #64-20, Medellín"
512,Proveedor,Distribuidora Latina Sa,987919636-5,3507565434.0,distribuidor@yahoo.com,"Calle 66 #91-99, Bucaramanga"
513,Proveedor,Distribuidora Latina Corp,944989698-3,3007449562.0,distribuidor@outlook.com,"Calle 73 #69-46, Pereira"
514,Proveedor,Distribuidora Latina,Sin documento,3216705306.0,distribuidor@gmail.com,"Diagonal 98 #99-38, Barranquilla"
515,Cliente,Comercial Del Norte Ltda,880227396-6,3502791270.0,comercialdel@empresa.co,"Diagonal 11 #81-57, Barranquilla"
516,Proveedor,Distribuciones Andinas Corp,931327363-6,3016162867.0,distribucion@outlook.com,"Transversal 107 #58-3, Medellín"
517,Proveedor,Inversiones Omega Corp,908852686-1,3119776491.0,inversioneso@outlook.com,"Transversal 20 #95-75, Barranquilla"
518,Proveedor,Comercial Del Norte Corp,931236674-0,3151768424.0,comercialdel@hotmail.com,"Carrera 2 #23-81, Medellín"
519,Proveedor,Importadora Del Valle Ltda,958656760-1,3212783941.0,importadorad@gmail.com,"Diagonal 77 #79-29, Bogotá"
520,Cliente,Almacenes Progreso Sa,887036155-1,3183304005.0,almacenespro@empresa.co,"Carrera 98 #6-76, Cali"
522,Cliente,Techsupply Sas,821668810-0,3004010048.0,techsupplysa@gmail.com,"Transversal 114 #37-54, Bucaramanga"
523,Cliente,Logística Express Sas,940415060-7,3145014011.0,logísticaexp@hotmail.com,"Transversal 89 #5-77, Cali"
524,Cliente,Globaltrade Colombia,893376230-6,3004953366.0,globaltradec@hotmail.com,"Calle 68 #13-80, Pereira"
525,Proveedor,Cadena De Valor Sas & Cía,924612035-3,3121890350.0,cadenadevalo@hotmail.com,"Calle 102 #20-88, Bucaramanga"
526,Proveedor,Techsupply Sas Corp,814502926-5,3124516332.0,Sin correo,"Avenida 43 #79-98, Bucaramanga"
527,Proveedor,Comercial Del Norte & Cía,842425045-0,3159638650.0,comercialdel@gmail.com,"Calle 115 #31-93, Bucaramanga"
528,Proveedor,Inversiones Omega Ltda,981691220-5,3112847722.0,inversioneso@empresa.co,"Carrera 13 #31-95, Manizales"
529,Proveedor,Distribuidora Latina Sas,926430484-9,3151911663.0,distribuidor@outlook.com,"Carrera 28 #79-59, Cali"
530,Proveedor,Proveedores Unidos Ltda,969656877-5,3124392535.0,proveedoresu@empresa.co,Sin dirección
531,Cliente,Importadora Del Valle Ltda,912266104-2,3206764248.0,importadorad@hotmail.com,"Avenida 78 #21-82, Ibagué"
532,Proveedor,Nexo Comercial & Cía,823212776-6,3219753827.0,Sin correo,"Carrera 76 #61-60, Cartagena"
533,Proveedor,Almacenes Progreso Corp,866526746-5,3144731363.0,almacenespro@yahoo.com,"Carrera 117 #74-1, Manizales"
534,Proveedor,Comercial Del Norte Ltda,914272341-8,3149040805.0,comercialdel@gmail.com,"Diagonal 64 #31-11, Cúcuta"
535,Proveedor,Almacenes Progreso Sas,896208792-4,3112522188.0,almacenespro@gmail.com,"Diagonal 86 #40-21, Bucaramanga"
536,Cliente,Nexo Comercial,924489799-2,3217800818.0,nexocomercia@hotmail.com,"Avenida 81 #60-91, Medellín"
537,Cliente,Suministros Globales Ltda,942517841-0,3128145454.0,suministrosg@empresa.co,"Transversal 70 #74-27, Bogotá"
538,Proveedor,Inversiones Omega Corp,938173521-5,3501865076.0,inversioneso@gmail.com,"Diagonal 47 #60-80, Medellín"
539,Proveedor,Techsupply Sas Corp,950527385-3,3106619187.0,techsupplysa@hotmail.com,"Transversal 15 #84-62, Ibagué"
540,Proveedor,Logística Express Corp,886023850-5,3505485520.0,logísticaexp@yahoo.com,"Diagonal 36 #7-9, Pereira"
541,Proveedor,Corporación Integral & Cía,Sin documento,3189939831.0,corporacióni@empresa.co,"Diagonal 80 #48-87, Bogotá"
542,Proveedor,Red De Proveedores,904873035-2,3122290961.0,reddeproveed@gmail.com,"Carrera 36 #15-90, Cali"
543,Proveedor,Logística Express & Cía,878697073-6,3183215051.0,logísticaexp@outlook.com,Sin dirección
544,Proveedor,Suministros Globales,939484561-5,3146751103.0,suministrosg@empresa.co,"Diagonal 76 #86-90, Cúcuta"
545,Cliente,Red De Proveedores Ltda,952270458-2,3506142132.0,reddeproveed@hotmail.com,"Avenida 30 #62-48, Cartagena"
546,Cliente,Comercial Del Norte Sas,Sin documento,3103697606.0,comercialdel@yahoo.com,"Avenida 24 #23-91, Cali"
547,Cliente,Importadora Del Valle,954222926-2,3155368907.0,importadorad@empresa.co,"Carrera 27 #72-91, Medellín"
548,Cliente,Soluciones Empresariales Sas,920374268-8,3109953043.0,solucionesem@empresa.co,"Calle 118 #4-52, Bucaramanga"
549,Proveedor,Red De Proveedores Sa,801152742-8,3166557966.0,reddeproveed@empresa.co,"Diagonal 115 #38-97, Ibagué"
550,Cliente,Nexo Comercial Corp,890914909-1,3199035971.0,Sin correo,"Carrera 87 #71-15, Cartagena"
551,Cliente,Globaltrade Colombia Sas,Sin documento,3131923311.0,globaltradec@yahoo.com,"Carrera 75 #68-29, Cartagena"
552,Cliente,Suministros Globales & Cía,981747819-1,3167617330.0,suministrosg@hotmail.com,"Diagonal 41 #78-78, Cúcuta"
553,Proveedor,Soluciones Empresariales Ltda,992190060-6,3137477894.0,solucionesem@empresa.co,"Calle 37 #45-45, Cartagena"
554,Proveedor,Cadena De Valor Sas,995381647-7,3197972774.0,cadenadevalo@outlook.com,"Avenida 21 #94-55, Manizales"
555,Cliente,Proveedores Unidos Sas,927402991-8,3132109238.0,proveedoresu@yahoo.com,"Diagonal 12 #1-53, Cartagena"
556,Proveedor,Cadena De Valor Sas Ltda,853487795-2,3217405029.0,cadenadevalo@empresa.co,"Transversal 63 #6-39, Ibagué"
558,Cliente,Almacenes Progreso Sas,984641499-3,3003002438.0,almacenespro@empresa.co,"Diagonal 9 #77-96, Pereira"
559,Cliente,Nexo Comercial Ltda,Sin documento,3193006281.0,nexocomercia@empresa.co,"Transversal 94 #74-3, Cartagena"
560,Cliente,Comercial Del Norte Sas,923760547-2,3133739867.0,Sin correo,"Avenida 47 #54-82, Pereira"
561,Proveedor,Grupo Comercial Xyz & Cía,937939987-3,3204074382.0,grupocomerci@gmail.com,"Transversal 97 #22-70, Pereira"
562,Cliente,Grupo Comercial Xyz Sa,825725084-8,3176899361.0,grupocomerci@hotmail.com,"Calle 18 #67-37, Pereira"
563,Proveedor,Almacenes Progreso Sa,827492584-3,3109445363.0,almacenespro@hotmail.com,"Carrera 102 #72-79, Cúcuta"
564,Proveedor,Cadena De Valor Sas Corp,912030533-7,3502281784.0,cadenadevalo@gmail.com,"Carrera 119 #3-62, Pereira"
565,Cliente,Soluciones Empresariales Sas,960430085-8,3206738565.0,solucionesem@hotmail.com,"Avenida 4 #96-16, Barranquilla"
566,Proveedor,Mercantil Del Sur Sa,856328766-2,3018127046.0,Sin correo,"Calle 3 #62-97, Manizales"
567,Proveedor,Importadora Del Valle,925918333-1,3505244844.0,importadorad@gmail.com,"Calle 39 #86-2, Bogotá"
568,Proveedor,Globaltrade Colombia Sas,849601993-5,3002523024.0,globaltradec@hotmail.com,"Avenida 75 #45-46, Cali"
569,Proveedor,Globaltrade Colombia Sas,826603479-9,3201234617.0,globaltradec@yahoo.com,"Carrera 92 #25-37, Cali"
570,Proveedor,Cadena De Valor Sas,Sin documento,3218964404.0,cadenadevalo@empresa.co,"Transversal 24 #57-87, Bogotá"
572,Proveedor,Grupo Comercial Xyz & Cía,822078264-5,3152941503.0,grupocomerci@outlook.com,"Avenida 59 #77-95, Cartagena"
573,Cliente,Red De Proveedores Sas,878004476-6,3112167847.0,reddeproveed@outlook.com,"Avenida 23 #2-87, Bucaramanga"
574,Proveedor,Distribuidora Latina Ltda,832002296-2,3147721360.0,distribuidor@yahoo.com,"Calle 95 #22-9, Pereira"
575,Cliente,Inversiones Omega Sas,832953718-3,3218125354.0,inversioneso@outlook.com,"Avenida 98 #92-99, Ibagué"
577,Proveedor,Corporación Integral Sas,807978846-1,3191886716.0,corporacióni@gmail.com,"Diagonal 87 #4-23, Manizales"
578,Cliente,Inversiones Omega Sas,966957930-9,3012283746.0,inversioneso@yahoo.com,"Diagonal 102 #60-26, Cartagena"
579,Cliente,Corporación Integral & Cía,945609623-5,3201296459.0,corporacióni@gmail.com,"Diagonal 113 #16-50, Bucaramanga"
580,Cliente,Distribuidora Latina Ltda,809658608-0,3106084244.0,distribuidor@hotmail.com,"Diagonal 56 #18-40, Manizales"
581,Cliente,Importadora Del Valle & Cía,977188496-8,3188882244.0,importadorad@outlook.com,"Transversal 110 #21-65, Medellín"
582,Cliente,Corporación Integral & Cía,965608483-5,3205772070.0,corporacióni@empresa.co,"Calle 4 #76-6, Cali"
583,Proveedor,Soluciones Empresariales Corp,967813230-5,3142633262.0,solucionesem@outlook.com,"Avenida 46 #53-45, Medellín"
584,Cliente,Mercantil Del Sur Sas,959056508-1,3502098911.0,mercantildel@empresa.co,"Calle 44 #22-3, Cúcuta"
585,Cliente,Red De Proveedores Corp,952484600-8,3508066104.0,reddeproveed@empresa.co,"Calle 90 #61-76, Medellín"
586,Cliente,Distribuidora Latina & Cía,Sin documento,3019193298.0,distribuidor@gmail.com,"Carrera 44 #64-65, Pereira"
587,Cliente,Grupo Comercial Xyz Sa,854159168-7,3182263679.0,grupocomerci@yahoo.com,"Carrera 37 #34-7, Cartagena"
588,Proveedor,Distribuidora Latina Sas,992657962-9,3016651204.0,distribuidor@empresa.co,"Calle 73 #68-61, Manizales"
589,Cliente,Suministros Globales Corp,935463142-4,3146257190.0,suministrosg@hotmail.com,"Diagonal 52 #33-80, Cúcuta"
590,Proveedor,Cadena De Valor Sas Sas,968535572-8,3214129604.0,cadenadevalo@yahoo.com,Sin dirección
591,Cliente,Cadena De Valor Sas & Cía,951965725-0,3164366315.0,cadenadevalo@empresa.co,"Diagonal 19 #31-20, Cartagena"
592,Proveedor,Almacenes Progreso Sa,970168614-3,3217919567.0,almacenespro@empresa.co,"Avenida 83 #21-33, Ibagué"
593,Proveedor,Mercantil Del Sur,851517062-0,3116210006.0,mercantildel@outlook.com,"Diagonal 72 #56-55, Medellín"
594,Proveedor,Abastecedores Nacionales Sas,869362874-4,3183952542.0,abastecedore@gmail.com,"Diagonal 101 #3-8, Bogotá"
595,Cliente,Grupo Comercial Xyz,897558637-1,3143358208.0,grupocomerci@hotmail.com,"Calle 74 #95-65, Bogotá"
596,Cliente,Nexo Comercial & Cía,933265077-1,3113051464.0,nexocomercia@empresa.co,"Avenida 107 #75-95, Manizales"
597,Proveedor,Mercantil Del Sur Ltda,838729306-1,3104592146.0,mercantildel@empresa.co,"Diagonal 53 #33-76, Medellín"
598,Proveedor,Soluciones Empresariales Corp,884957123-8,3148966730.0,solucionesem@hotmail.com,"Avenida 113 #19-47, Bucaramanga"
599,Proveedor,Grupo Comercial Xyz,998494520-0,3195021093.0,grupocomerci@empresa.co,"Transversal 50 #40-82, Pereira"
600,Proveedor,Importadora Del Valle & Cía,918756597-6,3007593035.0,importadorad@empresa.co,"Avenida 12 #97-31, Cartagena"
601,Cliente,Techsupply Sas Ltda,972987727-6,3201568440.0,techsupplysa@empresa.co,"Calle 106 #63-61, Manizales"
602,Cliente,Inversiones Omega Corp,826949729-2,3195378351.0,inversioneso@yahoo.com,"Calle 46 #54-78, Cúcuta"
603,Proveedor,Red De Proveedores Corp,813985170-2,3188439100.0,reddeproveed@hotmail.com,"Calle 52 #26-81, Cartagena"
604,Proveedor,Suministros Globales,867002447-8,3193182597.0,suministrosg@yahoo.com,"Diagonal 102 #41-58, Bucaramanga"
605,Proveedor,Proveedores Unidos Sa,984540483-9,3216495887.0,proveedoresu@empresa.co,"Carrera 11 #54-48, Cali"
606,Proveedor,Distribuidora Latina & Cía,805565911-0,3504837070.0,Sin correo,"Diagonal 26 #34-90, Cali"
607,Cliente,Globaltrade Colombia Ltda,840064315-1,3133854188.0,globaltradec@yahoo.com,"Calle 2 #92-68, Manizales"
608,Cliente,Red De Proveedores Corp,831812916-3,3194408213.0,reddeproveed@hotmail.com,"Avenida 37 #96-64, Manizales"
609,Cliente,Globaltrade Colombia Sas,995074210-3,3144026104.0,globaltradec@outlook.com,"Carrera 4 #38-34, Barranquilla"
610,Cliente,Mercantil Del Sur Sa,823015301-0,3153234807.0,mercantildel@empresa.co,"Diagonal 88 #28-92, Manizales"
611,Proveedor,Globaltrade Colombia Sa,825576374-8,3001874304.0,globaltradec@empresa.co,"Carrera 61 #46-78, Ibagué"
612,Cliente,Comercial Del Norte,Sin documento,3146075231.0,comercialdel@outlook.com,"Avenida 17 #72-6, Ibagué"
613,Cliente,Techsupply Sas & Cía,891047061-7,3102504043.0,techsupplysa@empresa.co,"Transversal 56 #19-34, Bogotá"
614,Cliente,Proveedores Unidos Ltda,896795733-6,3125416038.0,proveedoresu@yahoo.com,"Avenida 67 #41-56, Cali"
615,Cliente,Corporación Integral Sas,814286723-3,3101915485.0,corporacióni@hotmail.com,"Carrera 5 #61-34, Cali"
616,Cliente,Almacenes Progreso,810949941-7,3139140297.0,almacenespro@outlook.com,"Diagonal 15 #93-19, Bogotá"
617,Proveedor,Logística Express Sa,845176345-8,3215576682.0,logísticaexp@yahoo.com,"Transversal 28 #75-1, Cúcuta"
618,Proveedor,Techsupply Sas Ltda,866077383-7,3182582179.0,techsupplysa@empresa.co,"Calle 37 #88-88, Bogotá"
619,Cliente,Nexo Comercial,841278789-0,3018721431.0,nexocomercia@outlook.com,"Diagonal 81 #35-77, Medellín"
620,Cliente,Comercial Del Norte Corp,887218831-9,3104546147.0,comercialdel@gmail.com,"Avenida 42 #8-96, Bogotá"
621,Proveedor,Globaltrade Colombia Ltda,907067763-4,3105027876.0,globaltradec@outlook.com,"Calle 3 #27-21, Manizales"
622,Proveedor,Grupo Comercial Xyz Corp,832373849-4,3158253770.0,grupocomerci@empresa.co,"Transversal 17 #46-86, Bogotá"
623,Cliente,Servicios Y Bienes Sa Sas,919572536-6,3155504336.0,serviciosybi@yahoo.com,"Transversal 55 #12-97, Manizales"
624,Cliente,Globaltrade Colombia Sas,969298552-6,3011678438.0,globaltradec@yahoo.com,"Avenida 60 #87-29, Cali"
625,Proveedor,Servicios Y Bienes Sa Corp,878034998-7,3142328472.0,serviciosybi@outlook.com,"Avenida 20 #17-88, Cartagena"
626,Cliente,Servicios Y Bienes Sa Ltda,952615137-0,Sin teléfono,serviciosybi@gmail.com,"Transversal 14 #66-55, Manizales"
627,Cliente,Nexo Comercial Sa,868413515-9,3019446398.0,nexocomercia@gmail.com,"Calle 95 #85-60, Cali"
628,Proveedor,Distribuidora Latina,911736677-4,3138633602.0,distribuidor@outlook.com,"Transversal 104 #34-44, Cali"
629,Cliente,Suministros Globales Corp,980766789-1,3149965341.0,suministrosg@gmail.com,"Calle 51 #15-2, Cali"
630,Cliente,Red De Proveedores Corp,976554587-9,3199165848.0,reddeproveed@empresa.co,"Transversal 105 #79-47, Manizales"
631,Proveedor,Suministros Globales Sas,803724789-3,3011266510.0,suministrosg@hotmail.com,"Calle 27 #62-84, Cali"
632,Proveedor,Almacenes Progreso Corp,823110561-4,3208774990.0,almacenespro@hotmail.com,"Diagonal 55 #3-15, Cali"
633,Cliente,Red De Proveedores Ltda,805268790-7,3175070650.0,Sin correo,"Avenida 73 #51-7, Pereira"
634,Cliente,Almacenes Progreso Ltda,997857952-9,3175878387.0,almacenespro@gmail.com,"Diagonal 52 #63-66, Ibagué"
636,Cliente,Red De Proveedores Corp,805585317-2,3124224602.0,reddeproveed@outlook.com,"Avenida 57 #30-65, Barranquilla"
637,Cliente,Inversiones Omega & Cía,835207609-4,3197549342.0,inversioneso@outlook.com,"Avenida 102 #61-21, Ibagué"
638,Cliente,Suministros Globales Corp,834654093-2,3113622515.0,suministrosg@yahoo.com,"Diagonal 13 #54-64, Cartagena"
639,Cliente,Cadena De Valor Sas,896311084-4,3133660958.0,cadenadevalo@hotmail.com,"Transversal 5 #9-44, Manizales"
640,Proveedor,Importadora Del Valle & Cía,930557691-4,3136959954.0,importadorad@gmail.com,"Transversal 35 #20-89, Cúcuta"
641,Proveedor,Importadora Del Valle Corp,917528211-7,3212861110.0,importadorad@gmail.com,"Transversal 79 #14-72, Medellín"
642,Proveedor,Techsupply Sas Corp,855132945-5,3105901010.0,techsupplysa@outlook.com,"Transversal 64 #94-13, Cali"
643,Proveedor,Inversiones Omega Sas,854194523-7,Sin teléfono,inversioneso@hotmail.com,"Diagonal 44 #37-65, Cali"
644,Cliente,Soluciones Empresariales Corp,896809476-3,3109886057.0,solucionesem@outlook.com,"Carrera 18 #55-53, Manizales"
645,Cliente,Servicios Y Bienes Sa Corp,807989424-7,3101166911.0,serviciosybi@yahoo.com,"Calle 11 #44-41, Manizales"
646,Proveedor,Techsupply Sas Ltda,905566608-0,3183532555.0,techsupplysa@yahoo.com,"Calle 81 #92-85, Cúcuta"
647,Cliente,Almacenes Progreso Ltda,993689883-5,3506774002.0,almacenespro@gmail.com,"Avenida 116 #68-79, Cali"
648,Proveedor,Red De Proveedores Corp,946143050-9,3208417942.0,Sin correo,"Diagonal 100 #26-39, Bogotá"
649,Proveedor,Inversiones Omega Ltda,939712521-8,3124585870.0,inversioneso@gmail.com,"Transversal 71 #40-67, Pereira"
650,Proveedor,Techsupply Sas,944937064-9,3125049009.0,techsupplysa@empresa.co,"Diagonal 65 #15-94, Medellín"
651,Cliente,Abastecedores Nacionales Corp,833235804-0,3203092954.0,abastecedore@outlook.com,"Avenida 74 #95-1, Bucaramanga"
652,Proveedor,Mercantil Del Sur Corp,894042909-4,3123348331.0,mercantildel@outlook.com,"Transversal 95 #32-14, Pereira"
653,Cliente,Logística Express Sa,826303409-2,3198141928.0,logísticaexp@outlook.com,"Calle 12 #8-55, Cali"
654,Cliente,Red De Proveedores,981683140-8,3149706452.0,reddeproveed@outlook.com,"Avenida 75 #64-82, Manizales"
655,Cliente,Corporación Integral Corp,843712774-2,3163132786.0,corporacióni@outlook.com,"Diagonal 17 #91-66, Cúcuta"
656,Proveedor,Red De Proveedores Ltda,842101334-8,3132992563.0,reddeproveed@yahoo.com,Sin dirección
657,Proveedor,Servicios Y Bienes Sa Sas,899715008-4,3136087859.0,serviciosybi@empresa.co,"Diagonal 4 #19-19, Ibagué"
658,Proveedor,Grupo Comercial Xyz Sa,849144392-7,3003052321.0,grupocomerci@yahoo.com,"Avenida 9 #6-54, Bucaramanga"
659,Cliente,Nexo Comercial Ltda,901282209-7,3213228175.0,nexocomercia@hotmail.com,"Transversal 82 #59-98, Bucaramanga"
660,Cliente,Proveedores Unidos Corp,823975306-9,3187872422.0,Sin correo,"Carrera 116 #51-44, Cúcuta"
661,Cliente,Red De Proveedores Corp,973386898-1,3213778554.0,reddeproveed@gmail.com,"Transversal 81 #99-91, Cartagena"
662,Proveedor,Importadora Del Valle Corp,851654156-9,3161887084.0,importadorad@yahoo.com,"Transversal 25 #97-61, Cúcuta"
663,Proveedor,Importadora Del Valle Corp,805093183-4,3204452834.0,importadorad@hotmail.com,"Transversal 57 #11-69, Ibagué"
664,Cliente,Nexo Comercial,806244681-5,3144028421.0,nexocomercia@outlook.com,Sin dirección
665,Proveedor,Importadora Del Valle,876598521-2,Sin teléfono,importadorad@gmail.com,"Carrera 40 #53-87, Cali"
666,Proveedor,Inversiones Omega Sas,991475178-0,3127542102.0,inversioneso@gmail.com,"Avenida 19 #53-42, Cartagena"
667,Proveedor,Importadora Del Valle,864323298-9,3174967662.0,importadorad@outlook.com,Sin dirección
668,Cliente,Inversiones Omega Ltda,817571305-7,3007836611.0,inversioneso@hotmail.com,"Calle 35 #71-76, Bogotá"
669,Proveedor,Cadena De Valor Sas Corp,881768886-9,3148482340.0,cadenadevalo@gmail.com,"Transversal 27 #19-48, Cúcuta"
670,Cliente,Mercantil Del Sur & Cía,949022546-7,Sin teléfono,mercantildel@outlook.com,"Transversal 38 #84-22, Medellín"
671,Cliente,Corporación Integral Sa,982535519-6,3134569422.0,corporacióni@yahoo.com,"Transversal 37 #6-21, Cúcuta"
672,Cliente,Grupo Comercial Xyz,987483191-1,3213342942.0,grupocomerci@yahoo.com,"Avenida 113 #56-27, Ibagué"
673,Cliente,Inversiones Omega Corp,970502117-4,3208595349.0,inversioneso@empresa.co,"Carrera 85 #42-44, Barranquilla"
674,Proveedor,Globaltrade Colombia Sa,985715744-2,3181034351.0,globaltradec@yahoo.com,"Diagonal 1 #2-87, Cali"
675,Proveedor,Corporación Integral Ltda,974240723-1,3161519213.0,corporacióni@outlook.com,"Calle 46 #49-77, Pereira"
676,Cliente,Distribuciones Andinas,Sin documento,3151157090.0,distribucion@hotmail.com,"Calle 98 #36-88, Pereira"
677,Cliente,Globaltrade Colombia Corp,992685529-3,3119284734.0,globaltradec@empresa.co,"Calle 36 #64-91, Ibagué"
678,Cliente,Logística Express Corp,829781981-4,3179394071.0,logísticaexp@outlook.com,"Carrera 71 #25-85, Ibagué"
679,Proveedor,Globaltrade Colombia & Cía,817545108-9,3102091346.0,globaltradec@hotmail.com,"Avenida 120 #73-30, Cúcuta"
680,Proveedor,Abastecedores Nacionales Sas,986021963-8,3175243311.0,abastecedore@yahoo.com,"Diagonal 1 #55-83, Medellín"
681,Cliente,Inversiones Omega Ltda,873560871-1,3189695551.0,inversioneso@outlook.com,"Diagonal 47 #67-98, Medellín"
682,Cliente,Mercantil Del Sur,912759552-8,3156305659.0,mercantildel@gmail.com,"Diagonal 25 #43-11, Ibagué"
683,Cliente,Mercantil Del Sur Corp,819982433-3,3113759542.0,Sin correo,"Avenida 9 #81-81, Bogotá"
684,Cliente,Almacenes Progreso,867218780-3,3018945295.0,almacenespro@hotmail.com,"Avenida 107 #7-43, Cúcuta"
685,Cliente,Suministros Globales & Cía,825681420-7,3173094239.0,suministrosg@gmail.com,"Calle 118 #5-49, Pereira"
686,Proveedor,Suministros Globales Sas,918626569-0,3128245056.0,suministrosg@gmail.com,Sin dirección
687,Proveedor,Distribuidora Latina Ltda,965705737-6,3111177948.0,distribuidor@outlook.com,"Diagonal 60 #55-80, Ibagué"
688,Cliente,Red De Proveedores & Cía,957789947-3,3012722846.0,reddeproveed@gmail.com,"Transversal 92 #9-76, Barranquilla"
689,Cliente,Proveedores Unidos Corp,895399603-6,3158459558.0,proveedoresu@hotmail.com,"Carrera 18 #6-8, Cali"
690,Cliente,Almacenes Progreso & Cía,883533957-9,3503443176.0,almacenespro@hotmail.com,"Diagonal 40 #78-44, Cartagena"
691,Proveedor,Distribuciones Andinas & Cía,815386089-3,3161916158.0,distribucion@outlook.com,"Avenida 26 #26-82, Barranquilla"
692,Cliente,Inversiones Omega Sas,986504008-7,3176555698.0,inversioneso@yahoo.com,"Transversal 43 #79-39, Manizales"
693,Proveedor,Importadora Del Valle Ltda,933125377-3,3501062026.0,importadorad@hotmail.com,"Carrera 60 #80-28, Barranquilla"
695,Cliente,Red De Proveedores Sas,811785610-0,3114318952.0,reddeproveed@empresa.co,"Carrera 29 #34-93, Cali"
696,Proveedor,Cadena De Valor Sas Sas,852610010-0,3105392083.0,cadenadevalo@gmail.com,"Calle 107 #87-18, Manizales"
697,Cliente,Importadora Del Valle Sa,881892242-7,3117201541.0,importadorad@empresa.co,"Carrera 68 #80-56, Bogotá"
698,Cliente,Logística Express Sas,986389204-5,3138206488.0,logísticaexp@hotmail.com,"Calle 98 #79-76, Barranquilla"
699,Cliente,Grupo Comercial Xyz Sas,866349635-0,3185698850.0,grupocomerci@hotmail.com,"Transversal 75 #63-27, Bogotá"
700,Proveedor,Globaltrade Colombia,936529978-6,3209542262.0,globaltradec@empresa.co,"Diagonal 67 #60-23, Pereira"
701,Cliente,Servicios Y Bienes Sa Corp,992105798-7,3155501921.0,serviciosybi@yahoo.com,"Diagonal 82 #75-84, Medellín"
702,Proveedor,Logística Express Ltda,906273590-3,Sin teléfono,logísticaexp@outlook.com,"Transversal 21 #48-33, Cúcuta"
703,Cliente,Suministros Globales Sa,939269877-5,3111690263.0,suministrosg@outlook.com,"Transversal 80 #44-55, Bucaramanga"
704,Cliente,Almacenes Progreso Sa,885099522-4,3141414702.0,almacenespro@hotmail.com,"Diagonal 30 #34-83, Bogotá"
705,Proveedor,Suministros Globales Sa,Sin documento,3012989574.0,suministrosg@gmail.com,"Avenida 5 #70-26, Pereira"
706,Cliente,Inversiones Omega Sa,983486191-4,3113312992.0,inversioneso@yahoo.com,"Avenida 2 #99-39, Cartagena"
707,Proveedor,Distribuidora Latina Ltda,926702606-8,3203504521.0,distribuidor@outlook.com,"Carrera 30 #93-96, Barranquilla"
708,Cliente,Servicios Y Bienes Sa & Cía,993947395-7,3132440757.0,serviciosybi@empresa.co,"Carrera 55 #99-90, Manizales"
709,Proveedor,Red De Proveedores & Cía,900582810-2,3173153282.0,reddeproveed@empresa.co,"Calle 64 #85-46, Pereira"
710,Cliente,Almacenes Progreso Corp,985359677-8,3126470706.0,almacenespro@yahoo.com,"Calle 73 #5-18, Cali"
711,Cliente,Inversiones Omega & Cía,902359423-3,3142068863.0,inversioneso@yahoo.com,"Diagonal 25 #61-14, Pereira"
712,Cliente,Red De Proveedores Corp,825029326-2,Sin teléfono,reddeproveed@gmail.com,"Transversal 63 #4-24, Barranquilla"
713,Proveedor,Distribuidora Latina Sa,Sin documento,3189797899.0,distribuidor@gmail.com,"Diagonal 8 #48-67, Medellín"
714,Proveedor,Almacenes Progreso Ltda,829727603-2,3168019808.0,almacenespro@outlook.com,"Calle 50 #27-17, Barranquilla"
715,Cliente,Corporación Integral Sas,957703671-3,3168700011.0,corporacióni@empresa.co,"Carrera 1 #19-58, Bogotá"
716,Cliente,Globaltrade Colombia Sas,952801264-7,3158762741.0,globaltradec@yahoo.com,"Calle 95 #12-37, Bucaramanga"
717,Proveedor,Grupo Comercial Xyz Ltda,911414876-3,Sin teléfono,grupocomerci@outlook.com,"Diagonal 117 #85-24, Ibagué"
718,Proveedor,Comercial Del Norte Sas,873491259-8,3122119776.0,comercialdel@hotmail.com,"Diagonal 53 #98-71, Bogotá"
719,Cliente,Suministros Globales,910084324-7,3105240720.0,suministrosg@hotmail.com,"Transversal 6 #60-4, Bogotá"
720,Cliente,Red De Proveedores Ltda,907197506-3,3141633753.0,reddeproveed@gmail.com,"Avenida 15 #91-18, Pereira"
721,Cliente,Red De Proveedores Ltda,818317277-1,3165065012.0,reddeproveed@outlook.com,"Carrera 61 #36-21, Cali"
722,Proveedor,Globaltrade Colombia,Sin documento,3167557366.0,globaltradec@hotmail.com,"Calle 86 #98-2, Cartagena"
723,Proveedor,Soluciones Empresariales Sas,991773585-0,3509930492.0,solucionesem@hotmail.com,"Diagonal 90 #7-82, Cúcuta"
724,Cliente,Importadora Del Valle Ltda,919181768-0,3171078278.0,importadorad@gmail.com,"Diagonal 99 #26-32, Pereira"
725,Proveedor,Logística Express,913194597-0,3006655878.0,logísticaexp@hotmail.com,"Calle 29 #13-86, Cali"
726,Cliente,Comercial Del Norte Ltda,887816369-5,3164180079.0,comercialdel@yahoo.com,"Carrera 120 #70-51, Manizales"
727,Cliente,Importadora Del Valle Sa,846606183-0,3146305630.0,importadorad@gmail.com,"Diagonal 28 #59-29, Bogotá"
728,Cliente,Abastecedores Nacionales Corp,811794771-1,3504666842.0,abastecedore@outlook.com,"Avenida 99 #77-64, Bogotá"
729,Cliente,Nexo Comercial Sas,825432800-9,3137519046.0,nexocomercia@hotmail.com,"Avenida 23 #82-98, Pereira"
730,Cliente,Corporación Integral,804737563-9,3508531486.0,corporacióni@outlook.com,"Transversal 82 #95-30, Cúcuta"
731,Proveedor,Distribuciones Andinas Sas,965449837-1,3124966072.0,distribucion@outlook.com,"Carrera 80 #11-8, Cali"
732,Proveedor,Grupo Comercial Xyz Sas,900864070-3,3181635969.0,grupocomerci@hotmail.com,Sin dirección
733,Cliente,Comercial Del Norte & Cía,973958636-4,Sin teléfono,comercialdel@hotmail.com,"Avenida 44 #32-27, Cúcuta"
734,Proveedor,Mercantil Del Sur Corp,963225720-6,Sin teléfono,mercantildel@hotmail.com,"Diagonal 81 #1-9, Bucaramanga"
735,Proveedor,Logística Express,854819892-2,Sin teléfono,logísticaexp@yahoo.com,"Transversal 107 #27-31, Cúcuta"
736,Proveedor,Red De Proveedores Sa,993722826-3,3118113821.0,reddeproveed@hotmail.com,"Transversal 32 #39-37, Ibagué"
737,Cliente,Logística Express Sa,821479122-5,3147337047.0,logísticaexp@hotmail.com,"Diagonal 57 #55-65, Ibagué"
738,Proveedor,Proveedores Unidos Ltda,902386467-6,3212396415.0,proveedoresu@empresa.co,Sin dirección
739,Cliente,Red De Proveedores Sa,Sin documento,3169067229.0,reddeproveed@gmail.com,"Avenida 18 #92-61, Barranquilla"
740,Proveedor,Logística Express,934405580-5,3157787310.0,logísticaexp@outlook.com,"Diagonal 96 #48-50, Bucaramanga"
741,Cliente,Nexo Comercial,810422514-1,3143723988.0,nexocomercia@hotmail.com,"Diagonal 33 #99-97, Pereira"
742,Cliente,Corporación Integral Corp,986953326-0,3187464817.0,corporacióni@outlook.com,"Carrera 32 #62-5, Pereira"
743,Proveedor,Distribuciones Andinas Corp,870150424-9,3153472414.0,Sin correo,"Carrera 78 #75-85, Cali"
744,Cliente,Suministros Globales Corp,906747901-9,3502348021.0,suministrosg@yahoo.com,Sin dirección
745,Cliente,Grupo Comercial Xyz & Cía,957324590-4,3197905652.0,grupocomerci@gmail.com,Sin dirección
746,Cliente,Logística Express Corp,987638798-4,3003825261.0,logísticaexp@outlook.com,"Calle 13 #9-90, Manizales"
747,Cliente,Grupo Comercial Xyz Corp,845804284-2,3134127273.0,grupocomerci@hotmail.com,"Carrera 63 #24-65, Bogotá"
748,Proveedor,Logística Express Sas,815832877-2,3204219293.0,logísticaexp@empresa.co,"Diagonal 57 #81-80, Bogotá"
749,Cliente,Techsupply Sas,823006814-6,3015643299.0,techsupplysa@gmail.com,"Avenida 4 #75-31, Bucaramanga"
750,Proveedor,Importadora Del Valle,871425507-0,3181702283.0,importadorad@gmail.com,"Carrera 67 #1-49, Ibagué"
751,Cliente,Abastecedores Nacionales Ltda,890470792-9,3146646375.0,abastecedore@empresa.co,"Avenida 41 #31-47, Manizales"
752,Cliente,Comercial Del Norte Sa,826891156-0,3157741225.0,comercialdel@hotmail.com,"Calle 78 #16-68, Cartagena"
753,Cliente,Mercantil Del Sur Sa,965987518-7,3167931114.0,mercantildel@hotmail.com,"Calle 82 #42-3, Pereira"
754,Cliente,Inversiones Omega Corp,862695423-9,3157713657.0,inversioneso@yahoo.com,"Calle 45 #55-61, Bogotá"
755,Proveedor,Grupo Comercial Xyz & Cía,991110468-2,3219725065.0,grupocomerci@yahoo.com,"Transversal 5 #17-64, Bogotá"
756,Proveedor,Cadena De Valor Sas Ltda,919799173-1,3155041658.0,cadenadevalo@hotmail.com,"Carrera 22 #97-85, Bogotá"
757,Cliente,Techsupply Sas Sa,875257987-3,Sin teléfono,techsupplysa@outlook.com,"Calle 86 #18-69, Bucaramanga"
758,Proveedor,Inversiones Omega Sas,972868820-5,3147403032.0,inversioneso@yahoo.com,"Diagonal 104 #30-29, Cartagena"
759,Cliente,Importadora Del Valle,998798256-9,3504156740.0,importadorad@gmail.com,"Transversal 48 #17-41, Manizales"
760,Proveedor,Distribuciones Andinas Sa,958392967-8,3117512001.0,distribucion@outlook.com,"Avenida 99 #47-87, Cali"
761,Proveedor,Globaltrade Colombia & Cía,828611441-6,3008727632.0,globaltradec@empresa.co,"Carrera 105 #38-29, Bucaramanga"
762,Cliente,Proveedores Unidos & Cía,839156866-0,3176371047.0,proveedoresu@empresa.co,"Transversal 89 #16-36, Ibagué"
763,Cliente,Logística Express Ltda,989016269-6,3006589238.0,logísticaexp@hotmail.com,"Carrera 109 #94-29, Medellín"
764,Cliente,Techsupply Sas Ltda,880289520-2,3007581459.0,techsupplysa@empresa.co,"Diagonal 87 #61-45, Manizales"
765,Cliente,Servicios Y Bienes Sa Corp,875796530-3,3197606405.0,serviciosybi@gmail.com,"Carrera 42 #97-75, Medellín"
766,Proveedor,Grupo Comercial Xyz Ltda,954929512-2,3159094028.0,grupocomerci@empresa.co,"Carrera 27 #28-96, Barranquilla"
767,Proveedor,Distribuciones Andinas Sa,982084548-2,3148165734.0,distribucion@hotmail.com,"Calle 13 #46-61, Cali"
768,Cliente,Importadora Del Valle & Cía,959287557-6,3107777894.0,importadorad@hotmail.com,"Calle 16 #31-51, Bucaramanga"
769,Cliente,Globaltrade Colombia Sas,985702265-1,3208779155.0,Sin correo,"Avenida 81 #84-57, Pereira"
770,Proveedor,Importadora Del Valle,931323575-8,3111386324.0,importadorad@yahoo.com,"Transversal 74 #62-36, Bogotá"
771,Cliente,Techsupply Sas Ltda,973032594-6,3123101118.0,techsupplysa@gmail.com,"Avenida 9 #92-69, Cali"
772,Cliente,Distribuciones Andinas Ltda,817161525-8,3213081873.0,Sin correo,"Calle 24 #77-89, Cali"
773,Proveedor,Red De Proveedores Sa,810507413-2,Sin teléfono,reddeproveed@hotmail.com,"Calle 72 #33-97, Medellín"
774,Cliente,Importadora Del Valle & Cía,897592297-8,3108097623.0,importadorad@gmail.com,"Carrera 39 #6-67, Cartagena"
775,Cliente,Red De Proveedores Sas,986589886-5,3166907545.0,reddeproveed@yahoo.com,"Transversal 66 #27-89, Bogotá"
776,Proveedor,Comercial Del Norte Sas,850485637-2,3124610673.0,comercialdel@hotmail.com,Sin dirección
777,Proveedor,Globaltrade Colombia Ltda,947598863-4,3127405244.0,globaltradec@hotmail.com,"Diagonal 59 #11-33, Manizales"
778,Proveedor,Proveedores Unidos & Cía,Sin documento,3184231751.0,proveedoresu@empresa.co,"Transversal 85 #83-66, Ibagué"
779,Cliente,Proveedores Unidos Sa,901721443-0,3175152322.0,proveedoresu@gmail.com,"Avenida 16 #69-15, Cúcuta"
780,Proveedor,Inversiones Omega Corp,897393612-5,3205584424.0,inversioneso@hotmail.com,"Carrera 36 #2-13, Manizales"
781,Proveedor,Mercantil Del Sur Ltda,833152716-2,3166143048.0,mercantildel@yahoo.com,"Diagonal 13 #68-45, Ibagué"
782,Proveedor,Cadena De Valor Sas Sa,812875046-2,3137535788.0,cadenadevalo@hotmail.com,"Avenida 104 #95-87, Cúcuta"
783,Proveedor,Distribuidora Latina Ltda,869541167-0,Sin teléfono,distribuidor@hotmail.com,"Carrera 19 #49-73, Cartagena"
784,Proveedor,Soluciones Empresariales Corp,982057013-9,3148680384.0,solucionesem@hotmail.com,Sin dirección
785,Proveedor,Almacenes Progreso & Cía,881923127-1,3127820186.0,almacenespro@empresa.co,"Calle 82 #11-10, Barranquilla"
786,Proveedor,Techsupply Sas & Cía,822705645-4,3169268659.0,techsupplysa@gmail.com,"Diagonal 87 #66-94, Cali"
787,Proveedor,Servicios Y Bienes Sa Corp,908842915-0,3174190758.0,serviciosybi@gmail.com,"Diagonal 90 #69-96, Pereira"
788,Proveedor,Servicios Y Bienes Sa Corp,963040595-7,3109783147.0,serviciosybi@hotmail.com,"Carrera 10 #47-18, Cúcuta"
789,Cliente,Comercial Del Norte Ltda,901762477-2,3132899743.0,comercialdel@empresa.co,Sin dirección
790,Cliente,Corporación Integral Sa,857194454-0,3197603872.0,corporacióni@hotmail.com,"Avenida 119 #83-66, Medellín"
791,Proveedor,Globaltrade Colombia Ltda,895494321-0,3178723456.0,globaltradec@empresa.co,"Avenida 46 #14-1, Pereira"
794,Proveedor,Red De Proveedores Sas,894955760-6,3007026992.0,reddeproveed@hotmail.com,"Calle 25 #37-6, Cali"
795,Proveedor,Inversiones Omega,978832994-3,3155459377.0,inversioneso@gmail.com,"Diagonal 63 #71-64, Cali"
796,Cliente,Distribuidora Latina & Cía,835277162-1,Sin teléfono,distribuidor@hotmail.com,"Carrera 45 #65-2, Barranquilla"
797,Proveedor,Inversiones Omega Ltda,Sin documento,3125734922.0,inversioneso@outlook.com,"Calle 98 #55-32, Ibagué"
798,Proveedor,Servicios Y Bienes Sa Sas,875467631-1,3215421311.0,serviciosybi@hotmail.com,"Diagonal 26 #61-91, Bogotá"
799,Proveedor,Servicios Y Bienes Sa & Cía,850645447-9,3183495209.0,serviciosybi@hotmail.com,"Calle 17 #52-5, Cartagena"
800,Proveedor,Proveedores Unidos Ltda,965481696-3,3011854889.0,proveedoresu@outlook.com,"Diagonal 68 #40-90, Barranquilla"
801,Proveedor,Almacenes Progreso Ltda,936865492-6,3181866635.0,almacenespro@empresa.co,"Calle 35 #47-36, Pereira"
802,Cliente,Mercantil Del Sur Sa,848788581-0,3001874606.0,mercantildel@empresa.co,"Carrera 37 #61-36, Ibagué"
803,Cliente,Abastecedores Nacionales Ltda,889733180-4,3012625497.0,abastecedore@gmail.com,"Transversal 99 #17-43, Pereira"
804,Cliente,Soluciones Empresariales Corp,863955342-4,3117443279.0,solucionesem@gmail.com,"Calle 17 #81-96, Ibagué"
805,Cliente,Logística Express Corp,826477778-1,3166752873.0,Sin correo,"Diagonal 98 #26-69, Cali"
806,Cliente,Logística Express Ltda,950416746-5,3507140662.0,logísticaexp@outlook.com,"Calle 117 #56-9, Bucaramanga"
807,Proveedor,Servicios Y Bienes Sa,960834086-4,3193163157.0,serviciosybi@empresa.co,"Calle 73 #8-89, Barranquilla"
808,Proveedor,Distribuidora Latina Ltda,844430958-7,3209544273.0,distribuidor@outlook.com,Sin dirección
809,Proveedor,Techsupply Sas,953517694-3,3171148668.0,techsupplysa@yahoo.com,Sin dirección
810,Cliente,Mercantil Del Sur Sa,948216884-1,3104756912.0,mercantildel@gmail.com,"Transversal 31 #38-6, Cali"
811,Cliente,Abastecedores Nacionales Sas,813829787-3,3214522752.0,abastecedore@yahoo.com,"Calle 1 #84-45, Ibagué"
812,Cliente,Inversiones Omega,993831765-2,3145947522.0,inversioneso@empresa.co,"Calle 81 #2-46, Barranquilla"
813,Cliente,Abastecedores Nacionales Sas,804197924-8,3182785812.0,abastecedore@outlook.com,"Avenida 112 #81-82, Ibagué"
814,Cliente,Red De Proveedores Sas,872153707-3,3177634775.0,reddeproveed@hotmail.com,"Diagonal 30 #94-93, Manizales"
815,Cliente,Corporación Integral,848724670-7,3103954644.0,Sin correo,"Transversal 63 #94-24, Cartagena"
816,Cliente,Techsupply Sas Sas,984513626-9,3112165246.0,techsupplysa@hotmail.com,"Calle 55 #32-59, Manizales"
817,Proveedor,Distribuciones Andinas & Cía,901435083-6,3002846089.0,distribucion@gmail.com,Sin dirección
818,Proveedor,Globaltrade Colombia,828545143-8,3196677240.0,globaltradec@gmail.com,"Carrera 18 #62-98, Ibagué"
819,Cliente,Techsupply Sas Sa,928555991-2,3111937435.0,techsupplysa@yahoo.com,"Avenida 81 #70-16, Medellín"
820,Cliente,Importadora Del Valle & Cía,827532375-8,3507967320.0,importadorad@hotmail.com,"Calle 117 #29-4, Barranquilla"
821,Cliente,Proveedores Unidos Sa,860635378-6,3182885904.0,proveedoresu@outlook.com,"Carrera 15 #29-14, Cartagena"
822,Proveedor,Globaltrade Colombia Sa,896769238-1,3501727239.0,globaltradec@yahoo.com,"Carrera 23 #55-68, Pereira"
823,Cliente,Almacenes Progreso Sas,967707271-4,3132743531.0,almacenespro@empresa.co,"Diagonal 85 #48-34, Bogotá"
825,Cliente,Proveedores Unidos Sas,894652692-5,3158110722.0,proveedoresu@outlook.com,"Diagonal 78 #82-43, Cali"
826,Cliente,Mercantil Del Sur Ltda,947462135-7,3169955185.0,mercantildel@outlook.com,"Transversal 69 #30-50, Bogotá"
827,Proveedor,Almacenes Progreso & Cía,988735175-1,3117068477.0,almacenespro@gmail.com,"Carrera 109 #3-47, Cúcuta"
828,Proveedor,Proveedores Unidos,893777265-5,3213337892.0,proveedoresu@empresa.co,"Diagonal 19 #71-54, Barranquilla"
829,Proveedor,Mercantil Del Sur,831470246-2,Sin teléfono,mercantildel@outlook.com,"Avenida 7 #90-14, Ibagué"
830,Proveedor,Globaltrade Colombia Sas,839429590-5,3102325287.0,globaltradec@hotmail.com,"Calle 2 #73-54, Cali"
831,Proveedor,Corporación Integral Corp,941586290-4,3157904201.0,corporacióni@empresa.co,Sin dirección
832,Proveedor,Proveedores Unidos,962181615-2,3163690206.0,proveedoresu@gmail.com,"Diagonal 107 #55-88, Bucaramanga"
833,Cliente,Abastecedores Nacionales & Cía,990415447-3,3143630678.0,abastecedore@empresa.co,"Calle 67 #49-17, Barranquilla"
834,Cliente,Comercial Del Norte Sas,849309921-8,3172295356.0,comercialdel@outlook.com,"Diagonal 41 #84-83, Manizales"
835,Cliente,Techsupply Sas,973583035-6,3115528498.0,Sin correo,"Calle 10 #47-78, Pereira"
836,Proveedor,Grupo Comercial Xyz Sas,817533980-3,3171184163.0,grupocomerci@empresa.co,"Carrera 71 #26-82, Medellín"
837,Proveedor,Suministros Globales & Cía,951327621-7,3001806126.0,suministrosg@empresa.co,"Calle 40 #2-46, Cartagena"
838,Cliente,Servicios Y Bienes Sa Sas,904861976-5,3102633762.0,serviciosybi@empresa.co,"Diagonal 115 #95-65, Bogotá"
839,Cliente,Proveedores Unidos,928031104-9,3211627606.0,proveedoresu@empresa.co,"Carrera 20 #88-60, Bogotá"
840,Proveedor,Suministros Globales Corp,857887352-2,3203701920.0,suministrosg@yahoo.com,"Transversal 94 #78-84, Cúcuta"
841,Proveedor,Inversiones Omega Ltda,891005179-4,Sin teléfono,inversioneso@gmail.com,"Diagonal 31 #27-79, Ibagué"
842,Cliente,Proveedores Unidos & Cía,Sin documento,3106193258.0,proveedoresu@yahoo.com,"Calle 64 #13-59, Pereira"
843,Proveedor,Grupo Comercial Xyz Sas,875193420-9,3136928539.0,grupocomerci@gmail.com,Sin dirección
844,Cliente,Corporación Integral Sa,974561451-2,3019191626.0,corporacióni@gmail.com,"Avenida 110 #37-52, Manizales"
845,Cliente,Proveedores Unidos Ltda,937567601-9,3137269362.0,proveedoresu@gmail.com,"Diagonal 65 #58-34, Medellín"
846,Proveedor,Comercial Del Norte Corp,987836447-8,3003593123.0,comercialdel@gmail.com,"Avenida 49 #21-73, Manizales"
847,Cliente,Mercantil Del Sur Ltda,Sin documento,3138816129.0,mercantildel@outlook.com,"Transversal 116 #60-14, Bogotá"
849,Proveedor,Comercial Del Norte & Cía,926155953-2,3184581434.0,comercialdel@empresa.co,"Transversal 5 #77-49, Medellín"
851,Cliente,Distribuidora Latina,991181531-7,Sin teléfono,distribuidor@yahoo.com,"Carrera 86 #34-24, Medellín"
852,Cliente,Almacenes Progreso Sa,844166567-3,3138031349.0,almacenespro@outlook.com,"Diagonal 69 #89-21, Manizales"
853,Proveedor,Nexo Comercial Ltda,950567713-9,3112305413.0,Sin correo,"Transversal 19 #42-86, Pereira"
854,Cliente,Red De Proveedores Sas,884935083-1,3207818036.0,reddeproveed@empresa.co,"Transversal 93 #1-58, Cali"
855,Proveedor,Nexo Comercial,858686102-3,3143786712.0,nexocomercia@yahoo.com,"Diagonal 28 #45-27, Barranquilla"
856,Cliente,Nexo Comercial,897655331-0,3126150025.0,nexocomercia@yahoo.com,"Calle 90 #64-84, Bucaramanga"
857,Cliente,Soluciones Empresariales Sa,Sin documento,3013949666.0,solucionesem@outlook.com,"Diagonal 48 #23-71, Ibagué"
858,Cliente,Almacenes Progreso Ltda,977061530-6,3185752118.0,almacenespro@yahoo.com,"Calle 12 #14-12, Medellín"
859,Cliente,Almacenes Progreso,967456932-8,3018450817.0,almacenespro@yahoo.com,"Transversal 104 #5-86, Cartagena"
860,Cliente,Logística Express Sas,948065752-6,3014280956.0,Sin correo,"Calle 45 #60-53, Manizales"
861,Cliente,Soluciones Empresariales Sas,871835781-4,3127957788.0,Sin correo,"Calle 116 #54-5, Medellín"
862,Cliente,Soluciones Empresariales & Cía,889950020-2,3178214533.0,solucionesem@hotmail.com,"Transversal 51 #25-79, Manizales"
863,Proveedor,Nexo Comercial Ltda,970798364-6,Sin teléfono,nexocomercia@outlook.com,"Avenida 67 #21-56, Barranquilla"
864,Proveedor,Proveedores Unidos & Cía,969501171-9,Sin teléfono,proveedoresu@empresa.co,"Transversal 21 #42-27, Bogotá"
865,Proveedor,Almacenes Progreso,807467426-9,3192321583.0,almacenespro@yahoo.com,"Diagonal 4 #96-94, Cali"
866,Proveedor,Soluciones Empresariales Sas,975160233-3,3124251909.0,solucionesem@yahoo.com,"Carrera 93 #49-99, Cartagena"
868,Proveedor,Techsupply Sas,932672895-5,3504489198.0,techsupplysa@outlook.com,"Calle 63 #3-53, Bogotá"
869,Cliente,Suministros Globales Sas,900731577-5,3188564486.0,suministrosg@hotmail.com,"Carrera 39 #2-23, Ibagué"
870,Cliente,Comercial Del Norte,893089046-7,3171084130.0,comercialdel@hotmail.com,"Transversal 95 #33-16, Barranquilla"
871,Proveedor,Cadena De Valor Sas,858064341-5,3014639947.0,cadenadevalo@gmail.com,Sin dirección
872,Proveedor,Corporación Integral Sas,893564085-8,3185937884.0,corporacióni@outlook.com,Sin dirección
873,Cliente,Logística Express Corp,905448406-1,3176227531.0,logísticaexp@hotmail.com,"Carrera 93 #63-56, Bucaramanga"
874,Proveedor,Abastecedores Nacionales Sa,Sin documento,3144350758.0,abastecedore@yahoo.com,"Avenida 48 #81-9, Bucaramanga"
875,Cliente,Comercial Del Norte & Cía,957536513-6,3129900282.0,comercialdel@empresa.co,"Diagonal 4 #15-24, Pereira"
876,Proveedor,Techsupply Sas Sa,819499241-3,3187235425.0,techsupplysa@empresa.co,"Carrera 100 #41-16, Medellín"
877,Cliente,Distribuciones Andinas Corp,857384099-7,3176394902.0,distribucion@hotmail.com,"Transversal 9 #50-37, Ibagué"
878,Cliente,Logística Express,992271088-9,3502255341.0,logísticaexp@yahoo.com,"Diagonal 88 #97-56, Pereira"
879,Proveedor,Logística Express Sas,932589468-7,3005603927.0,logísticaexp@outlook.com,"Calle 16 #58-22, Ibagué"
880,Proveedor,Distribuidora Latina Sas,876514015-0,3181077963.0,distribuidor@outlook.com,"Avenida 17 #52-5, Cúcuta"
881,Proveedor,Comercial Del Norte Sa,818643947-7,Sin teléfono,comercialdel@empresa.co,"Avenida 41 #97-45, Manizales"
882,Proveedor,Inversiones Omega Ltda,905583044-4,3198626616.0,Sin correo,"Calle 108 #48-80, Bogotá"
883,Proveedor,Comercial Del Norte,828222146-5,3218309538.0,comercialdel@hotmail.com,"Carrera 12 #25-93, Pereira"
884,Proveedor,Cadena De Valor Sas,869709383-0,3011805363.0,cadenadevalo@empresa.co,"Calle 34 #43-89, Ibagué"
885,Proveedor,Distribuidora Latina Sa,836980561-9,3153011612.0,distribuidor@hotmail.com,"Avenida 111 #19-97, Ibagué"
886,Cliente,Almacenes Progreso Corp,979378035-1,3169851473.0,almacenespro@hotmail.com,"Transversal 62 #85-63, Cartagena"
887,Proveedor,Corporación Integral Sas,870816502-4,3192389057.0,corporacióni@empresa.co,"Transversal 107 #32-85, Barranquilla"
888,Proveedor,Suministros Globales Ltda,857035951-0,3184626151.0,suministrosg@outlook.com,"Diagonal 25 #63-14, Pereira"
889,Cliente,Nexo Comercial & Cía,883705000-7,3183583673.0,nexocomercia@yahoo.com,"Calle 118 #17-29, Pereira"
890,Proveedor,Red De Proveedores & Cía,907429186-3,3015661355.0,reddeproveed@outlook.com,"Carrera 88 #40-74, Bogotá"
891,Proveedor,Importadora Del Valle Sas,923707627-2,3121479597.0,importadorad@outlook.com,"Transversal 58 #46-34, Bogotá"
892,Cliente,Suministros Globales Sa,856926040-2,3149425356.0,suministrosg@outlook.com,"Transversal 43 #7-57, Cartagena"
893,Cliente,Comercial Del Norte Corp,996495185-6,3115932600.0,comercialdel@hotmail.com,"Diagonal 23 #77-36, Cúcuta"
894,Proveedor,Servicios Y Bienes Sa Ltda,982847636-0,3185176591.0,serviciosybi@gmail.com,Sin dirección
895,Proveedor,Suministros Globales & Cía,873943091-3,3507787380.0,suministrosg@outlook.com,"Diagonal 13 #29-94, Cartagena"
896,Cliente,Techsupply Sas Sas,970966331-4,3195831479.0,techsupplysa@gmail.com,"Calle 24 #65-90, Ibagué"
897,Proveedor,Grupo Comercial Xyz Corp,845696459-5,3182165255.0,grupocomerci@hotmail.com,"Carrera 43 #59-19, Medellín"
898,Proveedor,Almacenes Progreso Sa,847651332-4,3502291460.0,Sin correo,"Calle 77 #46-61, Ibagué"
899,Proveedor,Mercantil Del Sur Ltda,812126979-0,3175876441.0,mercantildel@hotmail.com,"Transversal 65 #22-97, Cali"
900,Cliente,Importadora Del Valle Sa,921498277-7,3196885129.0,importadorad@yahoo.com,"Avenida 85 #63-33, Pereira"
901,Cliente,Soluciones Empresariales Sa,939004215-9,3152891816.0,solucionesem@empresa.co,"Transversal 94 #82-3, Cali"
902,Proveedor,Mercantil Del Sur Corp,Sin documento,3005099811.0,mercantildel@yahoo.com,"Diagonal 47 #27-96, Bogotá"
903,Proveedor,Distribuidora Latina Corp,873530882-8,3508537488.0,distribuidor@yahoo.com,"Carrera 34 #87-45, Pereira"
904,Cliente,Almacenes Progreso Sa,851156460-0,3179725456.0,almacenespro@empresa.co,"Transversal 16 #56-59, Ibagué"
905,Proveedor,Soluciones Empresariales Sa,802237377-7,3503468450.0,solucionesem@outlook.com,"Carrera 67 #38-80, Cúcuta"
906,Cliente,Grupo Comercial Xyz Ltda,817345357-4,3008614476.0,grupocomerci@gmail.com,"Carrera 37 #76-16, Medellín"
907,Cliente,Distribuciones Andinas Ltda,Sin documento,3005218353.0,distribucion@hotmail.com,"Avenida 113 #37-65, Cúcuta"
908,Cliente,Suministros Globales Corp,838290775-3,3142354222.0,suministrosg@empresa.co,"Carrera 5 #61-46, Barranquilla"
909,Cliente,Distribuidora Latina Ltda,826343904-4,3506067099.0,distribuidor@yahoo.com,"Avenida 23 #73-56, Pereira"
910,Proveedor,Proveedores Unidos Corp,867114352-2,3144347443.0,proveedoresu@empresa.co,"Avenida 11 #39-73, Bucaramanga"
911,Proveedor,Distribuidora Latina Ltda,837207805-8,3156255638.0,distribuidor@yahoo.com,"Avenida 60 #46-55, Bucaramanga"
912,Proveedor,Almacenes Progreso Ltda,950031020-0,3208061842.0,almacenespro@gmail.com,"Carrera 79 #39-32, Ibagué"
913,Cliente,Proveedores Unidos & Cía,814370967-6,3107760247.0,proveedoresu@gmail.com,"Diagonal 104 #98-67, Bucaramanga"
914,Proveedor,Suministros Globales,974450819-1,3132634085.0,suministrosg@empresa.co,"Transversal 62 #89-43, Medellín"
915,Proveedor,Logística Express & Cía,950873947-7,3104750438.0,logísticaexp@hotmail.com,"Avenida 81 #40-93, Medellín"
916,Proveedor,Globaltrade Colombia Corp,830791926-1,3003567284.0,globaltradec@yahoo.com,"Calle 67 #13-32, Barranquilla"
917,Cliente,Servicios Y Bienes Sa Ltda,814939281-1,3127787345.0,serviciosybi@outlook.com,"Carrera 105 #31-70, Cartagena"
918,Proveedor,Red De Proveedores Corp,Sin documento,3181363358.0,reddeproveed@hotmail.com,"Carrera 105 #96-85, Barranquilla"
919,Cliente,Cadena De Valor Sas Sas,928974235-4,3122678051.0,cadenadevalo@yahoo.com,"Diagonal 48 #86-36, Manizales"
920,Cliente,Importadora Del Valle Ltda,914040228-2,3005755035.0,importadorad@outlook.com,"Calle 73 #50-2, Ibagué"
921,Proveedor,Globaltrade Colombia Ltda,895221268-2,3158689839.0,globaltradec@empresa.co,"Calle 21 #46-65, Cúcuta"
922,Proveedor,Servicios Y Bienes Sa Ltda,846841149-2,3136692359.0,serviciosybi@outlook.com,"Carrera 36 #98-85, Cartagena"
924,Cliente,Nexo Comercial & Cía,956898704-9,Sin teléfono,nexocomercia@gmail.com,"Calle 4 #94-21, Barranquilla"
925,Cliente,Importadora Del Valle Ltda,886881653-3,3204969777.0,importadorad@gmail.com,"Carrera 94 #50-97, Manizales"
926,Cliente,Comercial Del Norte & Cía,830728823-0,3212222751.0,comercialdel@outlook.com,"Avenida 78 #81-4, Cali"
927,Proveedor,Red De Proveedores Ltda,971099625-9,3164350987.0,reddeproveed@hotmail.com,"Avenida 63 #57-87, Cartagena"
928,Proveedor,Techsupply Sas Ltda,823090361-9,3002614070.0,techsupplysa@hotmail.com,"Calle 104 #18-1, Pereira"
929,Proveedor,Nexo Comercial & Cía,891458997-2,3189860962.0,nexocomercia@outlook.com,"Carrera 107 #27-74, Bucaramanga"
931,Cliente,Mercantil Del Sur,806051201-3,3215863655.0,mercantildel@empresa.co,"Diagonal 91 #46-9, Cali"
932,Proveedor,Suministros Globales & Cía,938985074-9,3166238506.0,suministrosg@outlook.com,"Transversal 8 #70-90, Bogotá"
933,Proveedor,Abastecedores Nacionales Corp,808663680-5,3145376858.0,abastecedore@hotmail.com,"Avenida 114 #98-8, Cali"
934,Proveedor,Inversiones Omega Corp,863248011-7,3011593277.0,inversioneso@empresa.co,"Calle 54 #77-95, Ibagué"
935,Proveedor,Cadena De Valor Sas Ltda,872614047-0,3011597270.0,cadenadevalo@outlook.com,"Transversal 29 #84-45, Manizales"
936,Proveedor,Mercantil Del Sur,807074299-3,3167365080.0,mercantildel@gmail.com,"Transversal 62 #7-50, Manizales"
937,Cliente,Almacenes Progreso Corp,947517342-2,3018347629.0,almacenespro@gmail.com,"Transversal 116 #48-46, Barranquilla"
938,Proveedor,Comercial Del Norte Sas,824693594-9,3004810540.0,comercialdel@outlook.com,"Transversal 73 #6-2, Barranquilla"
940,Proveedor,Corporación Integral Corp,976252113-1,3015197640.0,corporacióni@yahoo.com,"Carrera 64 #91-95, Pereira"
942,Cliente,Almacenes Progreso Corp,875103905-1,3113300684.0,almacenespro@yahoo.com,"Carrera 40 #95-71, Barranquilla"
943,Cliente,Comercial Del Norte Sas,974458372-7,3011357181.0,comercialdel@outlook.com,"Calle 35 #36-76, Manizales"
944,Cliente,Suministros Globales,963677908-6,3151316224.0,suministrosg@outlook.com,"Diagonal 57 #6-29, Barranquilla"
945,Proveedor,Almacenes Progreso & Cía,977275435-4,3006835191.0,almacenespro@gmail.com,"Transversal 97 #44-34, Ibagué"
946,Cliente,Distribuciones Andinas Sa,914769361-0,3202832243.0,distribucion@yahoo.com,"Diagonal 93 #87-37, Cúcuta"
947,Cliente,Nexo Comercial Corp,843633879-6,3154996784.0,nexocomercia@hotmail.com,"Calle 36 #88-36, Bogotá"
948,Cliente,Cadena De Valor Sas Sa,953298827-6,3005601485.0,Sin correo,"Avenida 85 #33-84, Ibagué"
949,Cliente,Grupo Comercial Xyz & Cía,871005887-2,3158763225.0,grupocomerci@gmail.com,"Diagonal 2 #60-5, Pereira"
950,Cliente,Cadena De Valor Sas Sas,815726246-9,3015637988.0,cadenadevalo@yahoo.com,Sin dirección
951,Cliente,Abastecedores Nacionales Sa,834151024-3,3183927545.0,abastecedore@hotmail.com,"Transversal 84 #7-30, Bogotá"
952,Cliente,Techsupply Sas Corp,955663228-5,3004824407.0,techsupplysa@gmail.com,"Avenida 33 #3-87, Pereira"
953,Proveedor,Comercial Del Norte & Cía,893879838-1,3019505007.0,comercialdel@outlook.com,"Calle 66 #10-31, Barranquilla"
954,Cliente,Soluciones Empresariales Corp,819164458-6,3505749368.0,solucionesem@hotmail.com,"Calle 42 #78-47, Pereira"
955,Cliente,Soluciones Empresariales Ltda,966944405-0,3107179080.0,solucionesem@gmail.com,"Avenida 120 #20-76, Medellín"
956,Cliente,Inversiones Omega & Cía,857678383-6,3211546929.0,inversioneso@hotmail.com,"Diagonal 98 #84-11, Bogotá"
957,Cliente,Mercantil Del Sur & Cía,944677955-1,3219854283.0,mercantildel@gmail.com,"Transversal 61 #85-68, Cúcuta"
958,Cliente,Abastecedores Nacionales Sas,865506034-5,3117072764.0,abastecedore@hotmail.com,"Diagonal 41 #96-15, Barranquilla"
959,Proveedor,Almacenes Progreso Sa,894485149-8,3162282513.0,almacenespro@empresa.co,"Diagonal 78 #30-58, Manizales"
961,Proveedor,Almacenes Progreso & Cía,954621977-7,3184323637.0,almacenespro@hotmail.com,Sin dirección
962,Cliente,Cadena De Valor Sas Corp,999408350-1,3101571694.0,cadenadevalo@outlook.com,"Calle 89 #22-10, Cali"
963,Cliente,Servicios Y Bienes Sa Ltda,895124875-2,3145050605.0,serviciosybi@empresa.co,"Calle 44 #44-76, Ibagué"
964,Cliente,Comercial Del Norte,920499425-6,3188545615.0,comercialdel@outlook.com,"Avenida 97 #62-90, Cali"
965,Proveedor,Nexo Comercial & Cía,840871014-0,3177205454.0,nexocomercia@outlook.com,"Diagonal 42 #57-23, Cúcuta"
966,Proveedor,Abastecedores Nacionales,879818888-7,3131810137.0,abastecedore@yahoo.com,"Transversal 115 #68-75, Cúcuta"
967,Cliente,Almacenes Progreso Sa,903097401-5,3203993320.0,almacenespro@hotmail.com,"Calle 105 #95-94, Barranquilla"
968,Cliente,Abastecedores Nacionales & Cía,826700345-5,3123778181.0,abastecedore@gmail.com,"Avenida 36 #63-57, Barranquilla"
969,Proveedor,Grupo Comercial Xyz Sa,862189672-4,3102610210.0,Sin correo,"Transversal 108 #66-97, Cali"
970,Proveedor,Comercial Del Norte & Cía,801789151-7,3211432471.0,comercialdel@empresa.co,"Carrera 37 #74-55, Bucaramanga"
971,Proveedor,Red De Proveedores Sa,992267138-1,3158252219.0,reddeproveed@outlook.com,"Avenida 12 #18-36, Bogotá"
972,Proveedor,Suministros Globales Corp,995249640-1,3133629445.0,suministrosg@yahoo.com,"Avenida 36 #59-81, Cúcuta"
973,Cliente,Suministros Globales Corp,810296337-6,3019745909.0,suministrosg@empresa.co,"Carrera 108 #72-85, Medellín"
974,Proveedor,Distribuciones Andinas Sas,957395350-6,3214694503.0,distribucion@hotmail.com,"Avenida 61 #20-63, Cali"
975,Proveedor,Grupo Comercial Xyz Sas,970395505-1,3164593496.0,grupocomerci@gmail.com,"Diagonal 9 #63-72, Ibagué"
976,Cliente,Techsupply Sas,984678670-4,3177380211.0,techsupplysa@yahoo.com,"Carrera 82 #45-62, Cúcuta"
977,Proveedor,Techsupply Sas Sa,878414269-7,3157580192.0,techsupplysa@yahoo.com,"Avenida 70 #62-38, Bogotá"
978,Cliente,Grupo Comercial Xyz Ltda,887348104-3,3188128056.0,grupocomerci@gmail.com,"Carrera 60 #41-85, Bogotá"
979,Proveedor,Distribuidora Latina Corp,929852627-7,3177912261.0,distribuidor@hotmail.com,"Calle 38 #35-65, Barranquilla"
980,Cliente,Almacenes Progreso,870224124-5,3147566239.0,almacenespro@outlook.com,"Diagonal 52 #34-7, Cartagena"
981,Proveedor,Mercantil Del Sur Sa,882815196-7,3144712966.0,mercantildel@yahoo.com,"Carrera 69 #27-81, Bogotá"
982,Cliente,Globaltrade Colombia & Cía,834685977-9,3161334200.0,globaltradec@gmail.com,"Diagonal 12 #91-43, Pereira"
983,Proveedor,Cadena De Valor Sas,939223780-3,3139983740.0,cadenadevalo@hotmail.com,Sin dirección
985,Proveedor,Corporación Integral,875991319-4,3004858847.0,corporacióni@hotmail.com,"Calle 35 #96-16, Manizales"
986,Cliente,Proveedores Unidos Corp,822794635-1,3019464267.0,proveedoresu@outlook.com,"Calle 2 #96-70, Ibagué"
987,Cliente,Importadora Del Valle Corp,852152734-9,3216237674.0,importadorad@empresa.co,Sin dirección
988,Cliente,Logística Express,976107271-9,3157317976.0,logísticaexp@empresa.co,Sin dirección
989,Proveedor,Grupo Comercial Xyz Corp,902651957-0,3157604270.0,grupocomerci@empresa.co,"Transversal 92 #14-58, Barranquilla"
990,Proveedor,Distribuciones Andinas Ltda,920013543-5,3152827851.0,distribucion@empresa.co,"Avenida 19 #81-11, Bogotá"
991,Proveedor,Logística Express Ltda,822518722-2,3148944257.0,logísticaexp@yahoo.com,Sin dirección
992,Cliente,Grupo Comercial Xyz Corp,840429595-0,3137820513.0,grupocomerci@gmail.com,"Avenida 89 #27-97, Cúcuta"
993,Cliente,Cadena De Valor Sas Ltda,975022233-3,3138740538.0,cadenadevalo@outlook.com,"Transversal 72 #95-94, Bogotá"
994,Proveedor,Almacenes Progreso Corp,900847456-2,3201228581.0,almacenespro@hotmail.com,"Transversal 96 #16-22, Barranquilla"
995,Cliente,Importadora Del Valle,932925085-2,3189801144.0,Sin correo,"Carrera 96 #71-54, Manizales"
996,Cliente,Importadora Del Valle Ltda,993258225-4,3166408741.0,importadorad@yahoo.com,Sin dirección
997,Cliente,Logística Express & Cía,Sin documento,3128920692.0,logísticaexp@outlook.com,"Carrera 120 #43-96, Cali"
998,Cliente,Corporación Integral,911750471-2,3108893570.0,corporacióni@gmail.com,"Calle 40 #90-25, Barranquilla"
999,Cliente,Cadena De Valor Sas Ltda,825424749-0,3178863382.0,cadenadevalo@yahoo.com,"Carrera 9 #45-82, Cúcuta"
1000,Proveedor,Soluciones Empresariales Corp,851711584-4,3128149873.0,solucionesem@yahoo.com,"Avenida 48 #80-99, Manizales"
1002,Cliente,Inversiones Omega & Cía,997908206-9,3188942448.0,inversioneso@hotmail.com,"Carrera 1 #30-28, Bogotá"
1003,Proveedor,Globaltrade Colombia Sas,844243099-7,3211004141.0,globaltradec@empresa.co,"Calle 115 #7-18, Cúcuta"
1004,Cliente,Almacenes Progreso Corp,887802382-4,3162967908.0,almacenespro@hotmail.com,"Transversal 51 #49-50, Bucaramanga"
1005,Proveedor,Servicios Y Bienes Sa Sa,962505723-3,3105659649.0,serviciosybi@hotmail.com,"Diagonal 72 #57-63, Cartagena"
1006,Cliente,Cadena De Valor Sas Ltda,847784842-0,3217135212.0,cadenadevalo@outlook.com,"Avenida 94 #55-28, Ibagué"
1007,Cliente,Logística Express Ltda,848051448-0,3118416881.0,logísticaexp@empresa.co,"Transversal 25 #1-76, Cartagena"
1008,Proveedor,Soluciones Empresariales Sa,962879767-4,3005612919.0,solucionesem@outlook.com,Sin dirección
1009,Proveedor,Comercial Del Norte & Cía,992744578-7,3178624921.0,comercialdel@outlook.com,"Carrera 61 #96-83, Cúcuta"
1010,Proveedor,Comercial Del Norte Sa,964529591-2,3193968018.0,comercialdel@hotmail.com,"Calle 54 #16-8, Bucaramanga"
1011,Proveedor,Comercial Del Norte Sa,946051298-4,3214257839.0,comercialdel@yahoo.com,"Calle 43 #87-41, Cali"
1013,Cliente,Suministros Globales Sas,811947640-4,3174333354.0,suministrosg@yahoo.com,"Diagonal 23 #82-96, Medellín"
1014,Proveedor,Cadena De Valor Sas Sa,891657954-7,3172444438.0,cadenadevalo@yahoo.com,"Diagonal 12 #15-12, Cali"
1015,Proveedor,Techsupply Sas Sa,845455743-0,3117283563.0,techsupplysa@outlook.com,"Calle 113 #93-32, Cartagena"
1016,Proveedor,Logística Express Corp,883345737-0,3145816345.0,logísticaexp@hotmail.com,"Avenida 18 #73-41, Manizales"
1017,Proveedor,Logística Express Sa,847543162-4,3128375236.0,logísticaexp@empresa.co,"Calle 63 #46-75, Pereira"
1018,Proveedor,Servicios Y Bienes Sa Ltda,809859926-9,3143612283.0,serviciosybi@yahoo.com,"Transversal 27 #90-56, Pereira"
1019,Cliente,Grupo Comercial Xyz Sas,987811892-8,3165512234.0,grupocomerci@gmail.com,"Transversal 99 #27-34, Barranquilla"
1020,Proveedor,Comercial Del Norte,927563165-2,3156418889.0,comercialdel@empresa.co,"Transversal 49 #85-76, Medellín"
1021,Cliente,Importadora Del Valle Corp,802120184-2,3148977497.0,importadorad@empresa.co,"Avenida 83 #13-24, Pereira"
1022,Proveedor,Red De Proveedores & Cía,805838462-7,3208657887.0,reddeproveed@yahoo.com,"Transversal 89 #56-94, Manizales"
1024,Cliente,Abastecedores Nacionales & Cía,Sin documento,3109593363.0,abastecedore@hotmail.com,"Avenida 114 #77-90, Cúcuta"
1025,Proveedor,Nexo Comercial Sas,978081805-5,3201902615.0,nexocomercia@gmail.com,"Avenida 102 #99-19, Pereira"
1026,Proveedor,Techsupply Sas Ltda,976793900-2,3113886829.0,techsupplysa@empresa.co,"Avenida 11 #24-31, Barranquilla"
1027,Cliente,Mercantil Del Sur Sas,801327354-7,3106783305.0,mercantildel@gmail.com,"Diagonal 71 #88-51, Barranquilla"
1028,Proveedor,Distribuidora Latina Ltda,825722790-6,3106341139.0,distribuidor@hotmail.com,"Diagonal 99 #42-37, Manizales"
1029,Cliente,Cadena De Valor Sas,931079536-9,3004719408.0,cadenadevalo@yahoo.com,"Carrera 99 #31-48, Pereira"
1030,Cliente,Distribuciones Andinas & Cía,820741908-3,3109387763.0,distribucion@hotmail.com,"Calle 28 #39-56, Bogotá"
1031,Proveedor,Techsupply Sas Ltda,876494475-4,3149064003.0,techsupplysa@gmail.com,"Avenida 54 #23-21, Manizales"
1032,Proveedor,Importadora Del Valle Ltda,892955673-1,3187785940.0,importadorad@gmail.com,"Carrera 41 #17-74, Cúcuta"
1033,Cliente,Red De Proveedores,975507726-6,3141914547.0,reddeproveed@empresa.co,"Diagonal 34 #95-82, Bogotá"
1034,Cliente,Red De Proveedores & Cía,927116880-5,3219976215.0,reddeproveed@empresa.co,"Calle 101 #23-55, Cúcuta"
1035,Proveedor,Suministros Globales Sas,890493803-9,3124315396.0,suministrosg@yahoo.com,"Transversal 94 #59-56, Medellín"
1036,Cliente,Comercial Del Norte,923547610-5,3007195765.0,comercialdel@empresa.co,"Diagonal 44 #87-38, Medellín"
1037,Cliente,Techsupply Sas Sa,911953754-0,3156446430.0,techsupplysa@empresa.co,"Calle 77 #15-46, Medellín"
1038,Proveedor,Distribuidora Latina Sas,822561156-8,3013114845.0,distribuidor@hotmail.com,"Diagonal 56 #36-45, Bucaramanga"
1039,Cliente,Mercantil Del Sur Corp,810909481-1,3137254467.0,mercantildel@gmail.com,"Carrera 78 #93-82, Bogotá"
1040,Cliente,Suministros Globales Sa,913422008-6,3004085839.0,suministrosg@empresa.co,"Calle 108 #56-15, Barranquilla"
1041,Proveedor,Grupo Comercial Xyz & Cía,986363230-0,3138934254.0,grupocomerci@hotmail.com,Sin dirección
1042,Cliente,Comercial Del Norte & Cía,848656721-4,3121084742.0,comercialdel@outlook.com,Sin dirección
1043,Cliente,Red De Proveedores & Cía,826077887-3,3111303213.0,reddeproveed@empresa.co,"Carrera 9 #79-37, Ibagué"
1044,Cliente,Nexo Comercial Ltda,945346504-6,3151210843.0,nexocomercia@empresa.co,"Avenida 41 #45-57, Cali"
1045,Proveedor,Corporación Integral Sas,980653290-6,3127760181.0,corporacióni@gmail.com,"Transversal 11 #81-63, Cúcuta"
1046,Cliente,Suministros Globales Sas,Sin documento,3206290495.0,suministrosg@outlook.com,"Diagonal 4 #20-80, Ibagué"
1047,Cliente,Soluciones Empresariales & Cía,911506207-0,3205762844.0,solucionesem@yahoo.com,"Diagonal 31 #49-69, Cali"
1048,Cliente,Importadora Del Valle,858600904-3,3015854470.0,importadorad@hotmail.com,"Carrera 99 #95-52, Cúcuta"
1049,Cliente,Logística Express Ltda,885739222-5,3182772324.0,logísticaexp@empresa.co,"Transversal 69 #69-51, Barranquilla"
1050,Cliente,Corporación Integral Ltda,920649906-2,3503980080.0,corporacióni@outlook.com,"Avenida 1 #69-43, Bucaramanga"
1051,Cliente,Importadora Del Valle Ltda,912278385-6,3111487227.0,importadorad@yahoo.com,"Carrera 18 #79-80, Cúcuta"
1052,Cliente,Globaltrade Colombia & Cía,806129353-5,3175193310.0,globaltradec@hotmail.com,"Transversal 81 #61-88, Bogotá"
1053,Cliente,Distribuciones Andinas Corp,948191769-8,3214238532.0,distribucion@hotmail.com,"Diagonal 48 #93-31, Cali"
1054,Proveedor,Logística Express Sa,878646735-1,3501518244.0,logísticaexp@hotmail.com,"Transversal 60 #59-32, Ibagué"
1055,Cliente,Mercantil Del Sur Sas,934275425-1,3206557607.0,mercantildel@hotmail.com,"Carrera 60 #93-9, Medellín"
1056,Cliente,Almacenes Progreso & Cía,903432367-1,3207997602.0,almacenespro@empresa.co,"Transversal 16 #92-78, Cúcuta"
1057,Proveedor,Red De Proveedores Ltda,878641674-6,3211669519.0,reddeproveed@empresa.co,"Diagonal 92 #66-81, Bucaramanga"
1058,Proveedor,Importadora Del Valle,870464064-9,3202875419.0,importadorad@hotmail.com,"Avenida 53 #85-44, Cali"
1059,Cliente,Corporación Integral Sas,826071982-5,3182242680.0,corporacióni@outlook.com,"Diagonal 97 #32-97, Cartagena"
1060,Cliente,Red De Proveedores Sa,987787157-4,3175618750.0,reddeproveed@yahoo.com,Sin dirección
1061,Cliente,Mercantil Del Sur Sa,Sin documento,3123655874.0,mercantildel@yahoo.com,"Avenida 61 #92-57, Cartagena"
1062,Cliente,Proveedores Unidos Sas,903140062-4,3184823830.0,Sin correo,"Carrera 75 #39-19, Ibagué"
1063,Cliente,Soluciones Empresariales Corp,928036822-9,3503859007.0,solucionesem@empresa.co,"Carrera 76 #65-41, Cúcuta"
1064,Proveedor,Corporación Integral Corp,940992199-7,3109120146.0,corporacióni@outlook.com,"Calle 86 #9-44, Barranquilla"
1065,Cliente,Mercantil Del Sur Sas,963380886-1,3184304141.0,mercantildel@empresa.co,"Diagonal 59 #73-82, Medellín"
1066,Proveedor,Servicios Y Bienes Sa Sas,897592482-0,3142658260.0,serviciosybi@empresa.co,"Transversal 9 #35-71, Cúcuta"
1067,Proveedor,Cadena De Valor Sas,919892092-9,3165160278.0,cadenadevalo@hotmail.com,"Avenida 103 #95-24, Barranquilla"
1068,Proveedor,Red De Proveedores Sas,963514158-4,3165655284.0,reddeproveed@gmail.com,"Carrera 94 #9-17, Cúcuta"
1069,Proveedor,Logística Express Sas,Sin documento,3158789179.0,logísticaexp@gmail.com,"Transversal 113 #7-41, Bogotá"
1070,Proveedor,Importadora Del Valle Ltda,927784889-3,3014606999.0,importadorad@yahoo.com,"Diagonal 39 #73-2, Ibagué"
1071,Cliente,Importadora Del Valle Corp,972503967-3,3178654679.0,importadorad@gmail.com,"Avenida 97 #53-77, Cartagena"
1072,Cliente,Techsupply Sas Sa,938029574-4,3186027079.0,techsupplysa@empresa.co,"Transversal 32 #44-36, Cúcuta"
1073,Proveedor,Red De Proveedores,930883878-0,3139548795.0,reddeproveed@outlook.com,"Diagonal 21 #23-9, Manizales"
1074,Cliente,Importadora Del Valle Ltda,971230407-8,3214064453.0,importadorad@hotmail.com,"Calle 98 #30-28, Cartagena"
1075,Cliente,Inversiones Omega & Cía,827626602-4,3504528113.0,inversioneso@yahoo.com,"Carrera 42 #21-25, Manizales"
1076,Proveedor,Techsupply Sas & Cía,887424397-8,3157994575.0,techsupplysa@empresa.co,"Carrera 120 #34-61, Cartagena"
1077,Cliente,Grupo Comercial Xyz Sa,884650221-7,Sin teléfono,grupocomerci@yahoo.com,"Diagonal 98 #54-1, Manizales"
1078,Proveedor,Almacenes Progreso Sa,922645399-4,3004392572.0,almacenespro@hotmail.com,"Avenida 38 #48-4, Pereira"
1079,Proveedor,Distribuidora Latina Sa,857708215-9,3168383705.0,distribuidor@empresa.co,"Calle 10 #32-21, Pereira"
1081,Cliente,Abastecedores Nacionales & Cía,917608114-4,3018916176.0,abastecedore@hotmail.com,"Calle 42 #94-53, Cali"
1082,Proveedor,Nexo Comercial Sa,950816807-1,3155114220.0,nexocomercia@empresa.co,"Transversal 70 #98-85, Cartagena"
1083,Proveedor,Grupo Comercial Xyz Corp,837706474-1,3216267395.0,grupocomerci@empresa.co,"Diagonal 96 #28-24, Pereira"
1084,Cliente,Red De Proveedores Sa,853414677-4,3121388196.0,reddeproveed@hotmail.com,"Calle 83 #53-55, Manizales"
1085,Proveedor,Comercial Del Norte & Cía,937509195-5,3008335114.0,comercialdel@gmail.com,Sin dirección
1086,Proveedor,Inversiones Omega Corp,997148074-1,3172545911.0,inversioneso@yahoo.com,"Calle 69 #21-66, Bogotá"
1087,Proveedor,Red De Proveedores & Cía,819618218-6,Sin teléfono,reddeproveed@outlook.com,"Diagonal 114 #95-20, Pereira"
1088,Cliente,Nexo Comercial Sa,941657138-6,3501360433.0,Sin correo,"Transversal 38 #1-80, Manizales"
1089,Cliente,Mercantil Del Sur Sa,840398172-4,3214739473.0,mercantildel@yahoo.com,"Avenida 69 #59-84, Barranquilla"
1090,Proveedor,Nexo Comercial Sa,850693330-2,3116175463.0,nexocomercia@hotmail.com,"Calle 4 #69-78, Medellín"
1091,Proveedor,Cadena De Valor Sas Sa,887902154-5,3504860502.0,cadenadevalo@hotmail.com,"Carrera 39 #21-55, Cartagena"
1092,Proveedor,Logística Express Sa,836859453-7,3017293367.0,logísticaexp@gmail.com,"Diagonal 112 #96-95, Barranquilla"
1093,Cliente,Red De Proveedores Ltda,853321411-3,3207383812.0,reddeproveed@yahoo.com,"Calle 12 #23-65, Ibagué"
1094,Proveedor,Importadora Del Valle Sas,832308440-7,3197012792.0,importadorad@empresa.co,"Diagonal 25 #27-12, Cúcuta"
1095,Proveedor,Abastecedores Nacionales & Cía,922662589-0,3007375830.0,abastecedore@outlook.com,"Diagonal 110 #13-46, Pereira"
1096,Cliente,Suministros Globales Ltda,861568042-1,3187537849.0,Sin correo,"Calle 36 #94-83, Pereira"
1097,Proveedor,Mercantil Del Sur Sas,834345860-8,3103352507.0,mercantildel@outlook.com,"Calle 8 #77-27, Cartagena"
1098,Cliente,Almacenes Progreso Sas,846283639-2,3509700658.0,almacenespro@hotmail.com,"Carrera 47 #15-21, Medellín"
1099,Cliente,Grupo Comercial Xyz Ltda,871184074-9,3131477784.0,grupocomerci@gmail.com,"Avenida 4 #61-5, Cali"
1100,Cliente,Comercial Del Norte & Cía,960660627-8,3103653695.0,comercialdel@gmail.com,"Calle 45 #29-12, Manizales"
1102,Proveedor,Globaltrade Colombia Corp,928255734-7,3194293151.0,globaltradec@hotmail.com,"Carrera 66 #17-19, Barranquilla"
1103,Cliente,Importadora Del Valle Corp,875779268-9,3015190592.0,importadorad@hotmail.com,"Avenida 24 #94-85, Cartagena"
1104,Cliente,Red De Proveedores Corp,835354855-5,3147287608.0,reddeproveed@hotmail.com,"Transversal 95 #5-96, Manizales"
1105,Proveedor,Logística Express Sas,838374047-0,3214990114.0,logísticaexp@hotmail.com,"Diagonal 42 #2-74, Bucaramanga"
1106,Cliente,Soluciones Empresariales Sas,921360773-3,3155409130.0,solucionesem@yahoo.com,"Diagonal 16 #96-36, Cúcuta"
1107,Cliente,Inversiones Omega Sas,891531924-7,3208655712.0,inversioneso@gmail.com,"Avenida 98 #67-34, Bogotá"
1109,Cliente,Grupo Comercial Xyz Ltda,948524945-1,3219467858.0,grupocomerci@hotmail.com,"Diagonal 105 #66-25, Cali"
1110,Proveedor,Mercantil Del Sur,996873870-5,3163546298.0,mercantildel@yahoo.com,"Transversal 68 #7-69, Pereira"
1111,Cliente,Servicios Y Bienes Sa Sas,842614074-1,3183778902.0,serviciosybi@yahoo.com,"Carrera 108 #97-92, Cali"
1114,Cliente,Techsupply Sas Sas,842800157-6,3144244232.0,techsupplysa@hotmail.com,"Avenida 10 #29-36, Cali"
1115,Proveedor,Importadora Del Valle Corp,855252362-7,3105621624.0,importadorad@empresa.co,"Calle 82 #16-67, Cartagena"
1116,Proveedor,Globaltrade Colombia Ltda,977280528-7,3123094878.0,globaltradec@yahoo.com,"Transversal 59 #20-10, Pereira"
1117,Cliente,Comercial Del Norte Ltda,830289605-7,3143826222.0,comercialdel@outlook.com,"Avenida 29 #67-14, Bogotá"
1118,Cliente,Globaltrade Colombia & Cía,864771487-7,3218255765.0,globaltradec@outlook.com,"Calle 82 #14-99, Cartagena"
1119,Cliente,Abastecedores Nacionales Sa,912647693-4,3132394075.0,abastecedore@gmail.com,"Calle 92 #63-32, Ibagué"
1120,Cliente,Nexo Comercial Ltda,827908012-7,3167305252.0,nexocomercia@yahoo.com,"Transversal 112 #86-49, Medellín"
1121,Proveedor,Nexo Comercial Corp,954518301-1,3015003283.0,nexocomercia@empresa.co,"Transversal 87 #91-78, Manizales"
1122,Cliente,Comercial Del Norte Sa,923679749-9,3219770547.0,comercialdel@gmail.com,"Diagonal 105 #81-96, Manizales"
1123,Proveedor,Distribuciones Andinas Sas,806481218-5,3015903591.0,distribucion@outlook.com,"Calle 94 #59-33, Pereira"
1124,Proveedor,Soluciones Empresariales Sa,874257965-7,3201801936.0,solucionesem@empresa.co,"Diagonal 90 #82-34, Cali"
1125,Cliente,Cadena De Valor Sas Corp,998831423-6,3206847516.0,cadenadevalo@hotmail.com,"Diagonal 110 #12-43, Pereira"
1126,Cliente,Mercantil Del Sur Sa,827192018-1,3187812644.0,mercantildel@empresa.co,"Transversal 64 #82-24, Manizales"
1127,Cliente,Corporación Integral Sa,917512747-5,3203671224.0,corporacióni@hotmail.com,"Avenida 3 #15-25, Ibagué"
1128,Cliente,Servicios Y Bienes Sa Corp,950302719-8,3107676849.0,serviciosybi@yahoo.com,"Calle 26 #12-12, Ibagué"
1129,Proveedor,Distribuidora Latina Sa,992169749-5,3166935773.0,distribuidor@outlook.com,"Carrera 118 #50-14, Cartagena"
1130,Proveedor,Suministros Globales Sa,918792366-0,3113600666.0,suministrosg@empresa.co,"Calle 64 #29-89, Barranquilla"
1131,Proveedor,Mercantil Del Sur Ltda,839024261-0,3125088275.0,mercantildel@gmail.com,"Transversal 62 #57-54, Cúcuta"
1132,Cliente,Nexo Comercial Sas,849944574-8,3177704457.0,nexocomercia@yahoo.com,"Diagonal 96 #34-91, Pereira"
1133,Cliente,Abastecedores Nacionales Ltda,897848622-3,3136990710.0,abastecedore@gmail.com,"Carrera 42 #90-32, Cúcuta"
1134,Cliente,Importadora Del Valle & Cía,943709582-5,3014822259.0,importadorad@empresa.co,"Transversal 106 #29-60, Cartagena"
1135,Cliente,Comercial Del Norte Ltda,933448109-9,3142084777.0,comercialdel@hotmail.com,"Calle 72 #58-72, Medellín"
1136,Proveedor,Corporación Integral Corp,817119963-5,3015632027.0,corporacióni@yahoo.com,"Avenida 115 #94-4, Ibagué"
1137,Proveedor,Proveedores Unidos Ltda,977650806-7,3126111364.0,proveedoresu@empresa.co,"Carrera 73 #66-53, Cali"
1138,Proveedor,Nexo Comercial Sa,963636761-0,3197012107.0,nexocomercia@yahoo.com,"Calle 100 #10-79, Bogotá"
1139,Proveedor,Techsupply Sas Corp,866786615-9,3204008839.0,techsupplysa@hotmail.com,"Calle 84 #64-94, Bogotá"
1140,Cliente,Importadora Del Valle Ltda,Sin documento,3198959238.0,importadorad@hotmail.com,"Avenida 24 #13-40, Pereira"
1141,Cliente,Almacenes Progreso Sa,824356355-2,3127734840.0,almacenespro@hotmail.com,"Carrera 45 #83-82, Bogotá"
1142,Cliente,Importadora Del Valle & Cía,805476287-9,3001992308.0,Sin correo,"Calle 22 #1-68, Medellín"
1143,Proveedor,Distribuidora Latina Sa,952492452-9,3132164158.0,distribuidor@hotmail.com,"Carrera 82 #80-64, Cali"
1144,Proveedor,Soluciones Empresariales,960985656-5,3173968364.0,solucionesem@outlook.com,"Carrera 65 #20-57, Medellín"
1145,Cliente,Cadena De Valor Sas,878230399-1,3134026890.0,cadenadevalo@yahoo.com,"Transversal 22 #13-64, Barranquilla"
1146,Cliente,Globaltrade Colombia Sa,976761526-8,3217523750.0,globaltradec@outlook.com,"Calle 86 #71-9, Pereira"
1147,Cliente,Proveedores Unidos Sas,850557183-6,Sin teléfono,proveedoresu@gmail.com,"Diagonal 104 #85-91, Ibagué"
1148,Cliente,Servicios Y Bienes Sa,941556079-9,3179924232.0,serviciosybi@yahoo.com,Sin dirección
1149,Proveedor,Proveedores Unidos Ltda,878640622-6,3148300418.0,proveedoresu@outlook.com,"Calle 63 #4-63, Bogotá"
1150,Cliente,Corporación Integral & Cía,882113757-7,3205818314.0,corporacióni@gmail.com,"Transversal 107 #6-25, Bogotá"
1151,Proveedor,Nexo Comercial Corp,972048989-5,3191804568.0,nexocomercia@yahoo.com,"Calle 7 #39-50, Barranquilla"
1152,Cliente,Cadena De Valor Sas,998250345-8,Sin teléfono,cadenadevalo@yahoo.com,"Avenida 88 #90-6, Barranquilla"
1153,Cliente,Techsupply Sas Sas,819585985-3,3154468470.0,techsupplysa@yahoo.com,"Transversal 2 #6-49, Barranquilla"
1154,Cliente,Importadora Del Valle Sa,864528496-5,3107541701.0,importadorad@hotmail.com,"Avenida 118 #52-6, Cali"
1155,Cliente,Globaltrade Colombia Corp,913505408-9,3196196562.0,globaltradec@hotmail.com,"Avenida 53 #89-2, Manizales"
1156,Proveedor,Distribuidora Latina Sa,931054616-4,3171174981.0,distribuidor@outlook.com,"Calle 90 #99-58, Cali"
1157,Proveedor,Mercantil Del Sur,830944810-2,3509196287.0,mercantildel@gmail.com,"Carrera 69 #42-22, Cartagena"
1158,Cliente,Distribuidora Latina Sa,876424869-9,3122820194.0,distribuidor@gmail.com,"Diagonal 106 #26-12, Cúcuta"
1159,Proveedor,Logística Express Sas,925884683-7,3012869093.0,logísticaexp@hotmail.com,"Calle 107 #50-24, Bogotá"
1160,Cliente,Suministros Globales Sas,965173927-5,3153395093.0,suministrosg@outlook.com,"Transversal 99 #6-85, Cúcuta"
1161,Cliente,Logística Express Sas,811746170-9,3003562057.0,logísticaexp@empresa.co,"Avenida 118 #23-45, Bucaramanga"
1162,Cliente,Comercial Del Norte Ltda,841096800-4,3162067859.0,Sin correo,"Carrera 81 #25-43, Bucaramanga"
1163,Proveedor,Red De Proveedores,961506891-8,3123702775.0,reddeproveed@hotmail.com,"Transversal 41 #8-15, Bogotá"
1164,Proveedor,Cadena De Valor Sas,994368573-5,3131644748.0,Sin correo,"Calle 88 #30-1, Manizales"
1165,Proveedor,Comercial Del Norte Ltda,860268611-0,3172240239.0,comercialdel@gmail.com,Sin dirección
1166,Cliente,Globaltrade Colombia Ltda,863798798-7,3175195013.0,globaltradec@empresa.co,"Diagonal 62 #20-59, Cúcuta"
1168,Proveedor,Almacenes Progreso Corp,907973048-2,3216921373.0,almacenespro@hotmail.com,"Diagonal 54 #54-59, Bucaramanga"
1169,Cliente,Distribuidora Latina Ltda,890677855-5,3187692147.0,distribuidor@hotmail.com,"Transversal 27 #32-28, Barranquilla"
1170,Cliente,Globaltrade Colombia Sa,947157796-6,3136148910.0,globaltradec@hotmail.com,"Diagonal 19 #61-14, Cúcuta"
1171,Cliente,Grupo Comercial Xyz & Cía,Sin documento,3116665383.0,grupocomerci@yahoo.com,"Carrera 85 #50-67, Manizales"
1172,Proveedor,Red De Proveedores,903608213-9,3183891398.0,reddeproveed@empresa.co,"Transversal 99 #20-83, Manizales"
1173,Cliente,Logística Express Sas,884957322-7,3113190350.0,logísticaexp@outlook.com,"Avenida 79 #98-79, Cúcuta"
1174,Proveedor,Comercial Del Norte Corp,817544685-1,3001145436.0,comercialdel@gmail.com,"Avenida 110 #12-41, Pereira"
1175,Cliente,Proveedores Unidos Sas,817722936-5,3176293212.0,proveedoresu@yahoo.com,Sin dirección
1176,Proveedor,Importadora Del Valle & Cía,840806725-2,3142987101.0,importadorad@yahoo.com,"Transversal 53 #21-72, Cúcuta"
1177,Proveedor,Abastecedores Nacionales Corp,830429960-2,3508464248.0,abastecedore@gmail.com,"Calle 18 #49-61, Manizales"
1178,Cliente,Distribuciones Andinas & Cía,918362995-9,3174050662.0,distribucion@outlook.com,"Calle 63 #86-73, Pereira"
1179,Proveedor,Suministros Globales Sa,847576285-2,3176034918.0,suministrosg@outlook.com,Sin dirección
1180,Cliente,Suministros Globales Sa,804283030-9,3508008491.0,suministrosg@hotmail.com,Sin dirección
1181,Cliente,Servicios Y Bienes Sa,885514824-2,3005006465.0,serviciosybi@empresa.co,Sin dirección
1182,Proveedor,Red De Proveedores Corp,889367226-8,3003191940.0,reddeproveed@yahoo.com,"Calle 95 #74-3, Cartagena"
1183,Cliente,Corporación Integral Ltda,809659154-4,3197293837.0,corporacióni@empresa.co,"Avenida 103 #66-55, Manizales"
1184,Cliente,Proveedores Unidos Sa,948279089-3,3155725154.0,proveedoresu@empresa.co,"Calle 117 #58-86, Bogotá"
1185,Proveedor,Inversiones Omega & Cía,806176016-2,3202795994.0,inversioneso@hotmail.com,"Calle 23 #48-9, Cali"
1186,Proveedor,Mercantil Del Sur,802589124-0,3196723292.0,mercantildel@yahoo.com,"Calle 20 #75-81, Bucaramanga"
1187,Proveedor,Inversiones Omega Corp,964434214-1,3003327250.0,Sin correo,"Calle 24 #12-92, Bogotá"
1188,Proveedor,Mercantil Del Sur Sas,992462633-1,3146375503.0,mercantildel@yahoo.com,"Carrera 61 #26-91, Bucaramanga"
1189,Cliente,Techsupply Sas Ltda,996377914-9,3212027878.0,techsupplysa@outlook.com,"Carrera 65 #1-11, Cali"
1190,Proveedor,Abastecedores Nacionales Sas,Sin documento,3192271373.0,abastecedore@hotmail.com,"Carrera 109 #42-97, Barranquilla"
1191,Cliente,Nexo Comercial Sa,936004019-4,3118155873.0,nexocomercia@empresa.co,"Avenida 95 #31-68, Medellín"
1192,Proveedor,Abastecedores Nacionales Sa,817355248-0,3019286653.0,abastecedore@empresa.co,"Calle 80 #97-56, Bogotá"
1193,Proveedor,Red De Proveedores,885469325-9,3207064624.0,reddeproveed@yahoo.com,"Calle 73 #34-94, Pereira"
1194,Cliente,Corporación Integral Sa,880596986-7,3134192453.0,corporacióni@hotmail.com,"Transversal 22 #6-89, Pereira"
1195,Cliente,Red De Proveedores Sa,924453081-7,3153561626.0,reddeproveed@hotmail.com,"Diagonal 54 #4-18, Pereira"
1196,Cliente,Proveedores Unidos Ltda,803744719-6,3203898766.0,proveedoresu@hotmail.com,"Transversal 24 #28-13, Medellín"
1197,Cliente,Proveedores Unidos Sa,Sin documento,3157580559.0,proveedoresu@hotmail.com,"Avenida 107 #71-36, Barranquilla"
1198,Cliente,Globaltrade Colombia Corp,916193963-6,3213681345.0,globaltradec@outlook.com,"Calle 46 #14-9, Pereira"
1199,Proveedor,Globaltrade Colombia Sa,863123246-8,3154630654.0,globaltradec@outlook.com,"Diagonal 2 #40-81, Cali"
1200,Cliente,Grupo Comercial Xyz Corp,964182308-1,3173171442.0,grupocomerci@yahoo.com,"Avenida 44 #93-48, Cali"
